time,temp
2025-04-04 02:56:09,12.76
2025-04-04 03:23:10,13.76
2025-04-04 03:45:15,13.76
2025-04-04 03:54:49,13.76
2025-04-04 04:14:14,13.31
2025-04-04 04:35:01,14.76
2025-04-04 04:48:06,14.76
2025-04-04 04:55:48,14.76
2025-04-04 05:14:02,14.76
2025-04-04 05:32:50,14.76
2025-04-04 05:43:18,14.76
2025-04-04 05:51:10,14.76
2025-04-04 05:58:38,14.76
2025-04-04 06:28:36,14.76
2025-04-04 06:47:22,14.76
2025-04-04 06:55:06,14.76
2025-04-04 07:12:24,14.53
2025-04-04 07:27:50,14.76
2025-04-04 07:38:46,14.76
2025-04-04 07:46:26,14.76
2025-04-04 07:53:56,14.76
2025-04-04 08:13:50,14.76
2025-04-04 08:36:37,13.76
2025-04-04 08:50:03,13.76
2025-04-04 08:57:28,13.76
2025-04-04 09:18:42,12.29
2025-04-04 09:33:23,11.76
2025-04-04 09:43:05,11.76
2025-04-04 09:50:48,11.76
2025-04-04 09:58:43,11.76
2025-04-04 10:21:42,11.13
2025-04-04 10:39:40,9.76
2025-04-04 10:48:35,9.76
2025-04-04 10:56:21,9.76
2025-04-04 11:13:43,9.76
2025-04-04 11:27:00,7.76
2025-04-04 11:37:48,7.76
2025-04-04 11:45:32,7.76
2025-04-04 11:53:02,7.76
2025-04-04 12:14:27,7.76
2025-04-04 12:55:00,6.76
2025-04-04 13:21:52,10.28
2025-04-04 13:40:12,5.76
2025-04-04 13:48:06,5.76
2025-04-04 13:55:57,5.76
2025-04-04 14:13:40,5.76
2025-04-04 14:33:08,7.76
2025-04-04 14:44:38,7.76
2025-04-04 14:52:32,7.76
2025-04-04 15:00:25,7.76
2025-04-04 15:26:12,7.76
2025-04-04 15:40:02,7.76
2025-04-04 15:49:28,7.76
2025-04-04 15:57:01,7.76
2025-04-04 16:20:00,9.4
2025-04-04 16:41:49,7.76
2025-04-04 16:52:31,7.76
2025-04-04 17:00:14,7.76
2025-04-04 17:20:30,9.78
2025-04-04 17:34:13,6.76
2025-04-04 17:42:18,6.76
2025-04-04 17:49:57,6.76
2025-04-04 17:57:50,6.76
2025-04-04 18:24:49,7.76
2025-04-04 18:43:34,7.76
2025-04-04 18:52:34,7.76
2025-04-04 19:00:08,7.76
2025-04-04 19:19:00,7.78
2025-04-04 19:29:06,7.76
2025-04-04 19:37:38,7.76
2025-04-04 19:45:26,7.76
2025-04-04 19:53:18,7.76
2025-04-04 20:09:38,7.76
2025-04-04 20:29:47,7.76
2025-04-04 20:41:03,7.76
2025-04-04 20:49:00,7.76
2025-04-04 20:56:50,7.76
2025-04-04 21:14:22,7.76
2025-04-04 21:28:17,7.76
2025-04-04 21:37:14,7.76
2025-04-04 21:44:46,7.76
2025-04-04 21:52:31,7.76
2025-04-04 22:00:11,7.76
2025-04-04 22:22:07,8.51
2025-04-04 22:37:03,8.76
2025-04-04 22:44:54,8.76
2025-04-04 22:52:22,8.76
2025-04-04 22:59:49,8.76
2025-04-04 23:20:57,7.76
2025-04-04 23:30:55,7.76
2025-04-04 23:40:18,7.76
2025-04-04 23:47:49,7.76
2025-04-04 23:55:16,7.76
2025-04-05 01:00:00,7.76
2025-04-05 02:24:22,7.76
2025-04-05 03:09:02,7.76
2025-04-05 03:38:58,7.76
2025-04-05 03:51:00,7.76
2025-04-05 03:58:28,7.76
2025-04-05 04:22:49,7.76
2025-04-05 04:38:27,7.76
2025-04-05 04:47:49,7.76
2025-04-05 04:55:28,7.76
2025-04-05 05:13:31,7.76
2025-04-05 05:31:53,7.76
2025-04-05 05:42:36,7.76
2025-04-05 05:50:19,7.76
2025-04-05 05:58:04,7.76
2025-04-05 06:24:27,9.39
2025-04-05 06:42:11,7.76
2025-04-05 06:50:48,7.76
2025-04-05 06:58:25,7.76
2025-04-05 07:17:04,11.17
2025-04-05 07:27:54,7.76
2025-04-05 07:37:11,7.76
2025-04-05 07:44:36,7.76
2025-04-05 07:52:21,7.76
2025-04-05 07:59:52,7.76
2025-04-05 08:26:15,7.76
2025-04-05 08:40:01,7.76
2025-04-05 08:48:27,7.76
2025-04-05 08:56:06,7.76
2025-04-05 09:13:27,7.76
2025-04-05 09:27:52,7.76
2025-04-05 09:36:31,7.76
2025-04-05 09:44:11,7.76
2025-04-05 09:51:49,7.76
2025-04-05 09:59:36,7.76
2025-04-05 10:21:54,7.76
2025-04-05 10:37:25,7.76
2025-04-05 10:44:52,7.76
2025-04-05 10:52:37,7.76
2025-04-05 10:59:58,7.76
2025-04-05 11:17:10,7.76
2025-04-05 11:26:30,7.76
2025-04-05 11:35:38,7.76
2025-04-05 11:43:23,7.76
2025-04-05 11:51:00,7.76
2025-04-05 11:58:42,7.76
2025-04-05 12:35:59,7.76
2025-04-05 13:00:52,7.76
2025-04-05 13:26:55,7.76
2025-04-05 13:37:32,7.76
2025-04-05 13:45:15,7.76
2025-04-05 13:53:00,7.76
2025-04-05 14:06:27,7.76
2025-04-05 14:25:46,7.76
2025-04-05 14:36:39,7.76
2025-04-05 14:44:21,7.76
2025-04-05 14:52:04,7.76
2025-04-05 14:59:49,7.76
2025-04-05 15:20:52,7.89
2025-04-05 15:30:58,6.76
2025-04-05 15:40:02,6.76
2025-04-05 15:47:55,6.76
2025-04-05 15:55:41,6.76
2025-04-05 16:15:35,7.73
2025-04-05 16:36:41,6.76
2025-04-05 16:47:15,6.76
2025-04-05 16:54:54,6.76
2025-04-05 17:09:22,6.76
2025-04-05 17:27:10,6.76
2025-04-05 17:37:56,6.76
2025-04-05 17:45:36,6.76
2025-04-05 17:53:26,6.76
2025-04-05 18:10:40,7.72
2025-04-05 18:33:50,7.76
2025-04-05 18:45:21,7.76
2025-04-05 18:52:57,7.76
2025-04-05 19:01:57,7.76
2025-04-05 19:18:00,7.21
2025-04-05 19:25:51,6.76
2025-04-05 19:35:23,6.76
2025-04-05 19:42:59,6.76
2025-04-05 19:50:53,6.76
2025-04-05 19:58:42,6.76
2025-04-05 20:19:32,7.02
2025-04-05 20:31:18,6.76
2025-04-05 20:40:43,6.76
2025-04-05 20:48:22,6.76
2025-04-05 20:56:13,6.76
2025-04-05 21:13:37,6.76
2025-04-05 21:27:13,6.98
2025-04-05 21:35:38,5.76
2025-04-05 21:43:07,5.76
2025-04-05 21:51:00,5.76
2025-04-05 21:58:47,5.76
2025-04-05 22:17:31,7.78
2025-04-05 22:32:59,5.76
2025-04-05 22:42:14,5.76
2025-04-05 22:50:01,5.76
2025-04-05 22:57:45,5.76
2025-04-05 23:17:43,5.76
2025-04-05 23:30:31,7.76
2025-04-05 23:39:45,7.76
2025-04-05 23:47:21,7.76
2025-04-05 23:54:50,6.76
2025-04-06 01:00:53,7.76
2025-04-06 02:39:03,11.76
2025-04-06 03:23:46,13.76
2025-04-06 03:45:22,13.76
2025-04-06 03:54:35,13.76
2025-04-06 04:13:08,13.33
2025-04-06 04:35:52,13.76
2025-04-06 04:49:44,13.76
2025-04-06 04:57:05,13.76
2025-04-06 05:15:19,14.05
2025-04-06 05:31:38,13.76
2025-04-06 05:41:46,13.76
2025-04-06 05:49:41,13.76
2025-04-06 05:57:18,13.76
2025-04-06 06:23:14,13.76
2025-04-06 06:43:53,13.76
2025-04-06 06:53:02,13.76
2025-04-06 07:07:26,13.76
2025-04-06 07:23:36,13.76
2025-04-06 07:31:29,13.76
2025-04-06 07:39:08,13.76
2025-04-06 07:46:59,13.76
2025-04-06 07:54:24,13.76
2025-04-06 08:12:55,13.47
2025-04-06 08:33:19,12.76
2025-04-06 08:45:48,12.76
2025-04-06 08:53:35,12.76
2025-04-06 09:08:13,12.24
2025-04-06 09:26:50,11.76
2025-04-06 09:36:03,11.76
2025-04-06 09:43:40,11.76
2025-04-06 09:51:22,11.76
2025-04-06 09:59:09,11.76
2025-04-06 10:21:23,11.03
2025-04-06 10:37:30,9.76
2025-04-06 10:45:04,9.76
2025-04-06 10:52:27,9.76
2025-04-06 11:00:13,9.76
2025-04-06 11:17:57,9.93
2025-04-06 11:26:42,8.76
2025-04-06 11:35:46,8.76
2025-04-06 11:43:27,8.76
2025-04-06 11:51:17,8.76
2025-04-06 11:58:52,8.76
2025-04-06 12:36:43,8.76
2025-04-06 13:01:12,8.76
2025-04-06 13:28:17,7.76
2025-04-06 13:39:02,7.76
2025-04-06 13:46:23,7.76
2025-04-06 13:54:05,7.76
2025-04-06 14:08:49,8.78
2025-04-06 14:27:47,5.76
2025-04-06 14:38:26,5.76
2025-04-06 14:46:29,5.76
2025-04-06 14:54:11,5.76
2025-04-06 15:09:00,5.76
2025-04-06 15:26:32,3.76
2025-04-06 15:35:54,3.76
2025-04-06 15:43:26,3.76
2025-04-06 15:51:07,3.76
2025-04-06 15:58:44,3.76
2025-04-06 16:22:21,3.76
2025-04-06 16:39:28,3.76
2025-04-06 16:48:30,3.76
2025-04-06 16:56:13,3.76
2025-04-06 17:11:41,3.76
2025-04-06 17:27:57,4.76
2025-04-06 17:38:22,4.76
2025-04-06 17:46:12,4.76
2025-04-06 17:53:42,4.76
2025-04-06 18:11:34,7.42
2025-04-06 18:34:34,2.76
2025-04-06 18:46:18,2.76
2025-04-06 18:54:05,2.76
2025-04-06 19:07:24,2.76
2025-04-06 19:20:13,7.15
2025-04-06 19:27:56,2.76
2025-04-06 19:37:52,2.76
2025-04-06 19:45:26,2.76
2025-04-06 19:53:23,2.76
2025-04-06 20:08:38,2.76
2025-04-06 20:27:35,3.76
2025-04-06 20:37:52,3.76
2025-04-06 20:45:22,3.76
2025-04-06 20:53:17,3.76
2025-04-06 21:07:25,3.76
2025-04-06 21:24:13,2.76
2025-04-06 21:32:42,2.76
2025-04-06 21:40:36,2.76
2025-04-06 21:48:05,2.76
2025-04-06 21:55:58,2.76
2025-04-06 22:12:41,7.29
2025-04-06 22:30:49,3.76
2025-04-06 22:41:58,3.76
2025-04-06 22:49:57,3.76
2025-04-06 22:57:29,3.76
2025-04-06 23:15:34,8.65
2025-04-06 23:27:51,8.76
2025-04-06 23:36:23,8.76
2025-04-06 23:44:04,8.76
2025-04-06 23:51:47,8.76
2025-04-06 23:59:33,8.76
2025-04-07 01:50:16,13.76
2025-04-07 02:58:08,15.76
2025-04-07 03:35:03,17.76
2025-04-07 03:52:07,17.76
2025-04-07 03:59:42,17.76
2025-04-07 04:26:54,17.76
2025-04-07 04:42:32,17.76
2025-04-07 04:51:21,17.76
2025-04-07 04:59:01,17.76
2025-04-07 05:21:25,20.13
2025-04-07 05:37:58,18.76
2025-04-07 05:46:00,18.76
2025-04-07 05:53:36,18.76
2025-04-07 06:14:11,20.75
2025-04-07 06:42:20,19.76
2025-04-07 06:54:05,19.76
2025-04-07 07:11:18,20.97
2025-04-07 07:29:18,18.76
2025-04-07 07:39:53,18.76
2025-04-07 07:47:31,18.76
2025-04-07 07:55:12,18.76
2025-04-07 08:17:53,20.69
2025-04-07 08:41:26,17.76
2025-04-07 08:53:41,17.76
2025-04-07 09:11:18,17.76
2025-04-07 09:31:35,16.76
2025-04-07 09:43:04,16.76
2025-04-07 09:50:54,16.76
2025-04-07 09:58:24,16.76
2025-04-07 10:22:42,16.3
2025-04-07 10:41:18,15.76
2025-04-07 10:50:47,15.76
2025-04-07 10:58:26,15.76
2025-04-07 11:16:53,15.25
2025-04-07 11:28:23,14.76
2025-04-07 11:37:14,14.76
2025-04-07 11:44:54,14.76
2025-04-07 11:52:42,14.76
2025-04-07 12:00:19,14.76
2025-04-07 12:50:32,14.76
2025-04-07 13:18:58,14.76
2025-04-07 13:41:22,14.76
2025-04-07 13:50:29,14.76
2025-04-07 13:58:19,14.76
2025-04-07 14:19:14,13.21
2025-04-07 14:39:17,13.76
2025-04-07 14:49:32,13.76
2025-04-07 14:57:17,13.76
2025-04-07 15:18:14,13.76
2025-04-07 15:34:30,12.76
2025-04-07 15:45:04,12.76
2025-04-07 15:52:40,12.76
2025-04-07 16:00:27,12.76
2025-04-07 16:29:09,12.76
2025-04-07 16:47:06,12.76
2025-04-07 16:55:58,12.76
2025-04-07 17:13:23,10.89
2025-04-07 17:30:33,11.76
2025-04-07 17:41:16,11.76
2025-04-07 17:49:01,11.76
2025-04-07 17:56:44,11.76
2025-04-07 18:21:49,10.76
2025-04-07 18:41:40,10.76
2025-04-07 18:52:05,10.76
2025-04-07 18:59:51,10.76
2025-04-07 19:17:57,9.56
2025-04-07 19:26:46,9.76
2025-04-07 19:36:25,9.76
2025-04-07 19:43:50,9.76
2025-04-07 19:51:26,9.76
2025-04-07 19:59:05,9.76
2025-04-07 20:23:17,9.76
2025-04-07 20:37:05,9.76
2025-04-07 20:45:48,9.76
2025-04-07 20:53:32,9.76
2025-04-07 21:08:29,9.76
2025-04-07 21:26:41,9.76
2025-04-07 21:38:22,9.76
2025-04-07 21:45:50,9.76
2025-04-07 21:53:40,9.76
2025-04-07 22:09:22,9.76
2025-04-07 22:30:50,9.76
2025-04-07 22:43:04,9.76
2025-04-07 22:50:46,9.76
2025-04-07 22:58:32,9.76
2025-04-07 23:19:25,10.76
2025-04-07 23:31:57,10.76
2025-04-07 23:41:26,10.76
2025-04-07 23:48:48,10.76
2025-04-07 23:56:18,10.76
2025-04-08 01:11:09,11.76
2025-04-08 02:40:08,14.76
2025-04-08 03:21:38,17.16
2025-04-08 03:45:28,15.76
2025-04-08 03:55:28,15.76
2025-04-08 04:16:02,17.95
2025-04-08 04:37:49,16.76
2025-04-08 04:48:38,16.76
2025-04-08 04:56:08,16.76
2025-04-08 05:14:29,18.03
2025-04-08 05:32:59,17.76
2025-04-08 05:43:43,17.76
2025-04-08 05:51:31,17.76
2025-04-08 05:59:06,17.76
2025-04-08 06:31:00,17.76
2025-04-08 06:49:11,17.76
2025-04-08 06:56:48,17.76
2025-04-08 07:16:14,17.76
2025-04-08 07:30:29,17.76
2025-04-08 07:40:21,17.76
2025-04-08 07:48:02,17.76
2025-04-08 07:55:56,17.76
2025-04-08 08:19:47,17.76
2025-04-08 08:41:50,17.76
2025-04-08 08:54:01,17.76
2025-04-08 09:11:19,17.76
2025-04-08 09:31:28,15.76
2025-04-08 09:43:06,15.76
2025-04-08 09:50:54,15.76
2025-04-08 09:58:34,15.76
2025-04-08 10:21:50,16.19
2025-04-08 10:41:04,13.76
2025-04-08 10:50:35,13.76
2025-04-08 10:58:19,13.76
2025-04-08 11:16:12,13.76
2025-04-08 11:28:02,12.76
2025-04-08 11:37:13,12.76
2025-04-08 11:44:50,12.76
2025-04-08 11:52:38,12.76
2025-04-08 12:00:13,12.76
2025-04-08 12:49:42,10.76
2025-04-08 13:18:56,13.23
2025-04-08 13:40:49,9.76
2025-04-08 13:50:10,9.76
2025-04-08 13:57:55,9.76
2025-04-08 14:18:52,12.88
2025-04-08 14:39:34,7.76
2025-04-08 14:50:42,7.76
2025-04-08 14:58:15,7.76
2025-04-08 15:21:31,6.76
2025-04-08 15:38:30,6.76
2025-04-08 15:47:51,6.76
2025-04-08 15:55:44,6.76
2025-04-08 16:17:44,6.76
2025-04-08 16:42:13,6.76
2025-04-08 16:54:15,6.76
2025-04-08 17:09:42,6.76
2025-04-08 17:29:50,5.76
2025-04-08 17:41:31,5.76
2025-04-08 17:49:18,5.76
2025-04-08 17:57:04,5.76
2025-04-08 18:22:55,5.76
2025-04-08 18:43:50,5.76
2025-04-08 18:53:52,5.76
2025-04-08 19:08:39,5.76
2025-04-08 19:23:34,5.76
2025-04-08 19:31:41,5.76
2025-04-08 19:39:57,5.76
2025-04-08 19:47:49,5.76
2025-04-08 19:55:31,5.76
2025-04-08 20:14:34,5.76
2025-04-08 20:33:01,6.76
2025-04-08 20:43:56,6.76
2025-04-08 20:51:40,6.76
2025-04-08 20:59:26,6.76
2025-04-08 21:20:15,10.23
2025-04-08 21:32:00,6.76
2025-04-08 21:41:21,6.76
2025-04-08 21:48:59,6.76
2025-04-08 21:56:47,6.76
2025-04-08 22:15:08,6.76
2025-04-08 22:33:22,7.76
2025-04-08 22:43:47,7.76
2025-04-08 22:51:34,7.76
2025-04-08 22:59:18,7.76
2025-04-08 23:20:18,11.4
2025-04-08 23:31:12,10.76
2025-04-08 23:40:50,10.76
2025-04-08 23:48:38,10.76
2025-04-08 23:56:10,10.76
2025-04-09 01:09:25,12.76
2025-04-09 02:41:09,15.76
2025-04-09 03:22:57,16.25
2025-04-09 03:46:03,16.76
2025-04-09 03:55:47,16.76
2025-04-09 04:16:59,17.25
2025-04-09 04:37:29,17.76
2025-04-09 04:50:09,17.76
2025-04-09 04:57:46,17.76
2025-04-09 05:18:07,18.6
2025-04-09 05:35:37,15.76
2025-04-09 05:44:49,15.76
2025-04-09 05:52:37,15.76
2025-04-09 06:00:09,15.76
2025-04-09 06:33:54,14.76
2025-04-09 06:50:38,14.76
2025-04-09 06:58:19,14.76
2025-04-09 07:19:21,12.76
2025-04-09 07:31:26,12.76
2025-04-09 07:41:29,12.76
2025-04-09 07:49:25,12.76
2025-04-09 07:56:52,12.76
2025-04-09 08:23:12,13.76
2025-04-09 08:44:13,13.76
2025-04-09 08:56:20,13.76
2025-04-09 09:16:43,13.76
2025-04-09 09:35:13,13.76
2025-04-09 09:46:16,13.76
2025-04-09 09:53:55,13.76
2025-04-09 10:12:40,13.76
2025-04-09 10:39:58,11.76
2025-04-09 10:52:23,11.76
2025-04-09 11:00:07,11.76
2025-04-09 11:19:34,12.78
2025-04-09 11:29:08,10.76
2025-04-09 11:38:03,10.76
2025-04-09 11:45:46,10.76
2025-04-09 11:53:37,10.76
2025-04-09 12:17:46,12.94
2025-04-09 12:58:08,9.76
2025-04-09 13:29:23,9.76
2025-04-09 13:49:08,9.76
2025-04-09 13:57:25,9.76
2025-04-09 14:18:11,12.73
2025-04-09 14:40:42,10.76
2025-04-09 14:52:12,10.76
2025-04-09 15:00:09,10.76
2025-04-09 15:28:20,12.4
2025-04-09 15:43:20,9.76
2025-04-09 15:51:48,9.76
2025-04-09 15:59:15,9.76
2025-04-09 16:28:00,9.76
2025-04-09 16:48:51,9.76
2025-04-09 16:57:57,9.76
2025-04-09 17:16:29,11.85
2025-04-09 17:32:57,8.76
2025-04-09 17:43:13,8.76
2025-04-09 17:50:54,8.76
2025-04-09 17:58:38,8.76
2025-04-09 18:29:14,8.76
2025-04-09 18:46:37,8.76
2025-04-09 18:54:39,8.76
2025-04-09 19:09:31,8.76
2025-04-09 19:23:11,8.76
2025-04-09 19:31:09,8.76
2025-04-09 19:39:37,8.76
2025-04-09 19:47:28,8.76
2025-04-09 19:54:58,8.76
2025-04-09 20:13:34,9.66
2025-04-09 20:30:35,7.76
2025-04-09 20:44:13,6.76
2025-04-09 20:53:32,6.76
2025-04-09 21:07:51,6.76
2025-04-09 21:23:55,5.76
2025-04-09 21:32:40,5.76
2025-04-09 21:40:43,5.76
2025-04-09 21:48:13,5.76
2025-04-09 21:55:56,5.76
2025-04-09 22:13:12,5.76
2025-04-09 22:31:17,6.76
2025-04-09 22:42:38,6.76
2025-04-09 22:50:18,6.76
2025-04-09 22:57:43,6.76
2025-04-09 23:16:49,10.53
2025-04-09 23:29:46,9.76
2025-04-09 23:39:25,9.76
2025-04-09 23:47:28,9.76
2025-04-09 23:55:09,9.76
2025-04-10 01:00:23,12.76
2025-04-10 02:34:50,15.76
2025-04-10 03:22:18,17.68
2025-04-10 03:45:50,15.76
2025-04-10 03:55:49,15.76
2025-04-10 04:17:24,19.02
2025-04-10 04:40:15,17.76
2025-04-10 04:51:50,17.76
2025-04-10 04:59:10,17.76
2025-04-10 05:21:15,19.06
2025-04-10 05:37:31,17.76
2025-04-10 05:45:25,17.76
2025-04-10 05:53:03,17.76
2025-04-10 06:12:07,19.13
2025-04-10 06:40:28,17.76
2025-04-10 06:52:27,17.76
2025-04-10 06:59:54,17.76
2025-04-10 07:22:55,19.45
2025-04-10 07:34:54,16.76
2025-04-10 07:43:58,16.76
2025-04-10 07:51:33,16.76
2025-04-10 07:59:19,16.76
2025-04-10 08:28:50,19.91
2025-04-10 08:46:55,15.76
2025-04-10 08:56:27,15.76
2025-04-10 09:16:33,19.07
2025-04-10 09:32:54,13.76
2025-04-10 09:43:29,13.76
2025-04-10 09:51:30,13.76
2025-04-10 09:59:17,13.76
2025-04-10 10:23:46,15.73
2025-04-10 10:41:32,11.76
2025-04-10 10:50:32,11.76
2025-04-10 10:58:19,11.76
2025-04-10 11:16:32,13.65
2025-04-10 11:27:55,10.76
2025-04-10 11:37:06,10.76
2025-04-10 11:44:36,10.76
2025-04-10 11:52:28,10.76
2025-04-10 12:00:14,10.76
2025-04-10 12:49:33,9.76
2025-04-10 13:18:25,12.95
2025-04-10 13:41:12,8.76
2025-04-10 13:50:36,8.76
2025-04-10 13:58:20,8.76
2025-04-10 14:19:35,7.76
2025-04-10 14:38:52,7.76
2025-04-10 14:47:13,7.76
2025-04-10 14:54:39,7.76
2025-04-10 15:12:46,7.76
2025-04-10 15:31:51,7.76
2025-04-10 15:43:32,7.76
2025-04-10 15:51:10,7.76
2025-04-10 15:59:03,7.76
2025-04-10 16:27:09,6.76
2025-04-10 16:46:22,6.76
2025-04-10 16:56:40,6.76
2025-04-10 17:14:12,6.76
2025-04-10 17:31:30,6.76
2025-04-10 17:42:10,6.76
2025-04-10 17:50:08,6.76
2025-04-10 17:57:49,6.76
2025-04-10 18:23:32,6.76
2025-04-10 18:41:58,6.76
2025-04-10 18:51:31,6.76
2025-04-10 18:59:14,6.76
2025-04-10 19:16:37,6.76
2025-04-10 19:25:24,6.76
2025-04-10 19:35:11,6.76
2025-04-10 19:42:44,6.76
2025-04-10 19:50:16,6.76
2025-04-10 19:57:50,6.76
2025-04-10 20:20:00,6.76
2025-04-10 20:35:17,6.76
2025-04-10 20:45:03,6.76
2025-04-10 20:52:46,6.76
2025-04-10 21:00:42,6.76
2025-04-10 21:23:07,6.76
2025-04-10 21:32:39,6.76
2025-04-10 21:41:05,6.76
2025-04-10 21:49:04,6.76
2025-04-10 21:56:40,6.76
2025-04-10 22:16:09,6.76
2025-04-10 22:34:48,6.76
2025-04-10 22:44:56,6.76
2025-04-10 22:52:46,6.76
2025-04-10 23:00:26,6.76
2025-04-10 23:24:16,10.76
2025-04-10 23:35:05,10.76
2025-04-10 23:43:53,10.76
2025-04-10 23:51:40,10.76
2025-04-10 23:59:31,10.76
2025-04-11 01:47:43,15.76
2025-04-11 02:55:26,18.76
2025-04-11 03:29:36,20.76
2025-04-11 03:49:39,20.76
2025-04-11 03:57:19,20.76
2025-04-11 04:21:13,22.76
2025-04-11 04:40:35,22.76
2025-04-11 04:51:09,22.76
2025-04-11 04:58:56,22.76
2025-04-11 05:21:36,22.76
2025-04-11 05:39:37,22.76
2025-04-11 05:49:19,22.76
2025-04-11 05:57:06,22.76
2025-04-11 06:24:11,21.76
2025-04-11 06:45:01,21.76
2025-04-11 06:54:39,21.76
2025-04-11 07:11:44,24.67
2025-04-11 07:27:52,21.76
2025-04-11 07:37:32,21.76
2025-04-11 07:45:21,21.76
2025-04-11 07:53:08,21.76
2025-04-11 08:11:50,21.76
2025-04-11 08:36:03,19.76
2025-04-11 08:50:10,19.76
2025-04-11 08:58:00,19.76
2025-04-11 09:20:07,23.32
2025-04-11 09:35:10,18.76
2025-04-11 09:44:07,18.76
2025-04-11 09:52:00,18.76
2025-04-11 09:59:22,18.76
2025-04-11 10:23:05,16.76
2025-04-11 10:40:14,16.76
2025-04-11 10:49:05,16.76
2025-04-11 10:56:54,16.76
2025-04-11 11:13:33,16.76
2025-04-11 11:26:22,13.76
2025-04-11 11:35:44,13.76
2025-04-11 11:43:38,13.76
2025-04-11 11:51:16,13.76
2025-04-11 11:59:04,13.76
2025-04-11 12:41:38,12.76
2025-04-11 13:14:10,11.76
2025-04-11 13:38:40,11.76
2025-04-11 13:48:34,11.76
2025-04-11 13:56:11,11.76
2025-04-11 14:14:27,16.41
2025-04-11 14:34:23,10.76
2025-04-11 14:45:44,10.76
2025-04-11 14:53:18,10.76
2025-04-11 15:09:18,10.76
2025-04-11 15:30:12,9.76
2025-04-11 15:42:12,9.76
2025-04-11 15:50:02,9.76
2025-04-11 15:57:44,9.76
2025-04-11 16:22:59,15.67
2025-04-11 16:43:13,9.76
2025-04-11 16:53:42,9.76
2025-04-11 17:08:36,9.76
2025-04-11 17:27:12,9.76
2025-04-11 17:39:02,9.76
2025-04-11 17:46:39,9.76
2025-04-11 17:54:19,9.76
2025-04-11 18:14:51,9.76
2025-04-11 18:40:50,9.76
2025-04-11 18:51:53,9.76
2025-04-11 18:59:42,9.76
2025-04-11 19:18:10,9.76
2025-04-11 19:27:36,10.76
2025-04-11 19:36:52,10.76
2025-04-11 19:44:30,10.76
2025-04-11 19:52:19,10.76
2025-04-11 20:00:08,10.76
2025-04-11 20:25:26,9.76
2025-04-11 20:37:58,9.76
2025-04-11 20:45:57,9.76
2025-04-11 20:53:43,9.76
2025-04-11 21:08:29,9.76
2025-04-11 21:25:50,9.76
2025-04-11 21:35:33,9.76
2025-04-11 21:43:00,9.76
2025-04-11 21:50:47,9.76
2025-04-11 21:58:37,9.76
2025-04-11 22:19:35,10.76
2025-04-11 22:37:01,10.76
2025-04-11 22:46:13,10.76
2025-04-11 22:54:05,10.76
2025-04-11 23:09:52,10.76
2025-04-11 23:26:42,15.76
2025-04-11 23:36:37,15.76
2025-04-11 23:44:20,15.76
2025-04-11 23:52:03,15.76
2025-04-11 23:59:44,15.76
2025-04-12 01:47:07,19.76
2025-04-12 02:50:36,21.76
2025-04-12 03:22:12,21.76
2025-04-12 03:44:14,21.76
2025-04-12 03:53:13,21.76
2025-04-12 04:10:13,19.76
2025-04-12 04:33:10,19.76
2025-04-12 04:45:23,15.76
2025-04-12 04:53:03,15.76
2025-04-12 05:07:57,15.76
2025-04-12 05:28:33,16.76
2025-04-12 05:39:23,16.76
2025-04-12 05:47:09,16.76
2025-04-12 05:54:57,16.76
2025-04-12 06:15:15,16.76
2025-04-12 06:38:18,16.76
2025-04-12 06:50:43,16.76
2025-04-12 06:58:18,16.76
2025-04-12 07:16:50,15.76
2025-04-12 07:28:14,15.76
2025-04-12 07:36:54,15.76
2025-04-12 07:44:32,15.76
2025-04-12 07:52:17,15.76
2025-04-12 07:59:46,15.76
2025-04-12 08:26:28,17.16
2025-04-12 08:41:06,11.76
2025-04-12 08:50:40,11.76
2025-04-12 08:58:05,11.76
2025-04-12 09:19:00,8.76
2025-04-12 09:31:58,8.76
2025-04-12 09:41:31,8.76
2025-04-12 09:49:13,8.76
2025-04-12 09:56:57,8.76
2025-04-12 10:15:05,6.76
2025-04-12 10:32:50,6.76
2025-04-12 10:42:09,6.76
2025-04-12 10:49:36,6.76
2025-04-12 10:57:23,6.76
2025-04-12 11:12:42,6.76
2025-04-12 11:23:52,5.76
2025-04-12 11:32:08,4.76
2025-04-12 11:39:48,4.76
2025-04-12 11:47:33,4.76
2025-04-12 11:55:21,4.76
2025-04-12 12:21:59,4.76
2025-04-12 12:53:38,4.76
2025-04-12 13:15:08,1.76
2025-04-12 13:31:42,1.76
2025-04-12 13:40:14,1.76
2025-04-12 13:48:07,1.76
2025-04-12 13:55:57,0.76
2025-04-12 14:11:41,0.76
2025-04-12 14:29:04,0.76
2025-04-12 14:39:36,0.76
2025-04-12 14:47:25,0.76
2025-04-12 14:55:19,0.76
2025-04-12 15:11:25,0.76
2025-04-12 15:27:34,0.76
2025-04-12 15:38:15,0.76
2025-04-12 15:46:06,0.76
2025-04-12 15:53:57,0.76
2025-04-12 16:10:56,0.76
2025-04-12 16:32:50,0.76
2025-04-12 16:44:59,0.76
2025-04-12 16:52:40,0.76
2025-04-12 17:00:18,0.76
2025-04-12 17:19:42,1.76
2025-04-12 17:33:06,1.76
2025-04-12 17:41:43,1.76
2025-04-12 17:49:12,1.76
2025-04-12 17:56:41,1.76
2025-04-12 18:19:27,2.76
2025-04-12 18:39:20,2.76
2025-04-12 18:49:42,2.76
2025-04-12 18:57:07,2.76
2025-04-12 19:13:26,3.76
2025-04-12 19:24:14,3.76
2025-04-12 19:32:38,3.76
2025-04-12 19:40:06,3.76
2025-04-12 19:47:49,3.76
2025-04-12 19:55:32,3.76
2025-04-12 20:13:11,6.04
2025-04-12 20:29:01,4.76
2025-04-12 20:38:45,4.76
2025-04-12 20:46:32,4.76
2025-04-12 20:54:20,4.76
2025-04-12 21:08:54,4.76
2025-04-12 21:24:50,4.76
2025-04-12 21:34:12,4.76
2025-04-12 21:41:46,4.76
2025-04-12 21:49:25,4.76
2025-04-12 21:57:18,4.76
2025-04-12 22:15:02,6.76
2025-04-12 22:31:55,6.76
2025-04-12 22:41:56,6.76
2025-04-12 22:49:36,6.76
2025-04-12 22:57:13,6.76
2025-04-12 23:15:51,6.76
2025-04-13 01:05:02,7.76
2025-04-13 03:46:40,5.76
2025-04-13 04:41:14,6.76
2025-04-13 05:05:51,2.76
2025-04-13 05:33:22,3.76
2025-04-13 05:45:41,3.76
2025-04-13 05:53:18,3.76
2025-04-13 06:11:37,3.76
2025-04-13 06:37:10,6.76
2025-04-13 06:48:59,6.76
2025-04-13 06:56:40,6.76
2025-04-13 07:14:02,6.76
2025-04-13 07:27:26,6.76
2025-04-13 07:35:51,6.76
2025-04-13 07:43:39,6.76
2025-04-13 07:51:20,6.76
2025-04-13 07:58:57,6.76
2025-04-13 08:24:23,6.76
2025-04-13 08:39:51,6.76
2025-04-13 08:49:24,6.76
2025-04-13 08:56:57,6.76
2025-04-13 09:17:05,9.41
2025-04-13 09:32:11,6.76
2025-04-13 09:42:23,6.76
2025-04-13 09:49:54,6.76
2025-04-13 09:57:23,6.76
2025-04-13 10:18:15,5.76
2025-04-13 10:37:25,5.76
2025-04-13 10:45:50,5.76
2025-04-13 10:53:29,5.76
2025-04-13 11:06:41,5.76
2025-04-13 11:21:25,5.76
2025-04-13 11:28:56,5.76
2025-04-13 11:37:53,5.76
2025-04-13 11:45:50,5.76
2025-04-13 11:53:44,5.76
2025-04-13 12:16:09,5.76
2025-04-13 12:52:02,5.76
2025-04-13 13:15:52,5.76
2025-04-13 13:37:24,5.76
2025-04-13 13:46:58,5.76
2025-04-13 13:54:37,5.76
2025-04-13 14:09:34,5.76
2025-04-13 14:28:19,5.76
2025-04-13 14:39:15,5.76
2025-04-13 14:47:09,5.76
2025-04-13 14:54:54,5.76
2025-04-13 15:12:02,5.76
2025-04-13 15:30:12,5.76
2025-04-13 15:40:18,5.76
2025-04-13 15:48:08,5.76
2025-04-13 15:55:57,5.76
2025-04-13 16:17:56,5.76
2025-04-13 16:40:26,4.76
2025-04-13 16:50:40,4.76
2025-04-13 16:58:18,4.76
2025-04-13 17:15:51,4.76
2025-04-13 17:30:31,4.76
2025-04-13 17:40:19,1.76
2025-04-13 17:48:04,1.76
2025-04-13 17:55:32,1.76
2025-04-13 18:17:11,0.76
2025-04-13 18:38:26,0.76
2025-04-13 18:48:42,0.76
2025-04-13 18:56:32,0.76
2025-04-13 19:11:43,2.76
2025-04-13 19:22:36,2.76
2025-04-13 19:30:15,2.76
2025-04-13 19:38:37,2.76
2025-04-13 19:46:21,2.76
2025-04-13 19:53:55,2.76
2025-04-13 20:09:59,2.76
2025-04-13 20:28:24,2.76
2025-04-13 20:38:34,2.76
2025-04-13 20:46:20,2.76
2025-04-13 20:54:07,2.76
2025-04-13 21:09:10,2.76
2025-04-13 21:25:24,3.76
2025-04-13 21:34:40,3.76
2025-04-13 21:42:33,3.76
2025-04-13 21:50:14,3.76
2025-04-13 21:57:39,3.76
2025-04-13 22:16:12,3.76
2025-04-13 22:33:05,3.76
2025-04-13 22:43:35,3.76
2025-04-13 22:51:28,3.76
2025-04-13 22:59:05,3.76
2025-04-13 23:20:13,4.76
2025-04-13 23:32:40,4.76
2025-04-13 23:43:06,4.76
2025-04-13 23:50:56,4.76
2025-04-13 23:58:49,4.76
2025-04-14 01:44:52,6.76
2025-04-14 02:59:56,5.76
2025-04-14 03:39:06,6.76
2025-04-14 03:55:44,6.76
2025-04-14 04:16:50,5.76
2025-04-14 04:37:57,5.76
2025-04-14 04:49:04,5.76
2025-04-14 04:56:40,5.76
2025-04-14 05:17:01,5.78
2025-04-14 05:35:39,6.76
2025-04-14 05:45:13,6.76
2025-04-14 05:52:45,6.76
2025-04-14 06:00:29,6.76
2025-04-14 06:36:04,5.76
2025-04-14 06:52:22,5.76
2025-04-14 07:00:00,5.76
2025-04-14 07:23:52,5.76
2025-04-14 07:35:51,5.76
2025-04-14 07:43:45,5.76
2025-04-14 07:51:54,5.76
2025-04-14 07:59:20,5.76
2025-04-14 08:30:12,5.76
2025-04-14 08:48:39,5.76
2025-04-14 08:56:52,5.76
2025-04-14 09:18:49,5.76
2025-04-14 09:36:06,5.76
2025-04-14 09:45:50,5.76
2025-04-14 09:53:43,5.76
2025-04-14 10:11:32,5.76
2025-04-14 10:36:12,5.76
2025-04-14 10:48:57,5.76
2025-04-14 10:56:32,5.76
2025-04-14 11:13:07,5.76
2025-04-14 11:26:31,5.76
2025-04-14 11:35:39,5.76
2025-04-14 11:43:24,5.76
2025-04-14 11:51:27,5.76
2025-04-14 11:59:16,5.76
2025-04-14 12:44:29,4.76
2025-04-14 13:18:04,7.12
2025-04-14 13:41:25,4.76
2025-04-14 13:50:59,4.76
2025-04-14 13:58:39,4.76
2025-04-14 14:20:40,3.76
2025-04-14 14:40:18,3.76
2025-04-14 14:50:33,3.76
2025-04-14 14:58:17,3.76
2025-04-14 15:21:18,6.11
2025-04-14 15:35:49,3.76
2025-04-14 15:45:22,3.76
2025-04-14 15:53:13,3.76
2025-04-14 16:10:39,3.76
2025-04-14 16:36:40,2.76
2025-04-14 16:52:06,2.76
2025-04-14 16:59:52,2.76
2025-04-14 17:20:23,5.5
2025-04-14 17:35:10,1.76
2025-04-14 17:43:25,1.76
2025-04-14 17:50:51,1.76
2025-04-14 17:58:41,1.76
2025-04-14 18:28:44,0.76
2025-04-14 18:47:59,0.76
2025-04-14 18:55:26,0.76
2025-04-14 19:10:59,0.76
2025-04-14 19:24:29,4.89
2025-04-14 19:33:07,-0.24
2025-04-14 19:41:06,-0.24
2025-04-14 19:48:59,-0.24
2025-04-14 19:56:48,-0.24
2025-04-14 20:18:10,4.7
2025-04-14 20:35:16,-1.24
2025-04-14 20:45:44,-1.24
2025-04-14 20:53:29,-1.24
2025-04-14 21:08:32,0.76
2025-04-14 21:26:27,0.76
2025-04-14 21:36:32,0.76
2025-04-14 21:44:16,0.76
2025-04-14 21:51:57,0.76
2025-04-14 21:59:52,0.76
2025-04-14 22:21:58,5.1
2025-04-14 22:37:27,1.76
2025-04-14 22:45:26,1.76
2025-04-14 22:53:06,1.76
2025-04-14 23:07:42,1.76
2025-04-14 23:25:39,5.76
2025-04-14 23:36:05,5.76
2025-04-14 23:43:54,5.76
2025-04-14 23:51:39,5.76
2025-04-14 23:59:09,5.76
2025-04-15 01:47:15,10.76
2025-04-15 02:59:02,11.76
2025-04-15 03:37:32,12.76
2025-04-15 03:54:05,12.76
2025-04-15 04:12:50,12.76
2025-04-15 04:34:41,12.76
2025-04-15 04:48:40,12.76
2025-04-15 04:56:32,12.76
2025-04-15 05:15:57,13.76
2025-04-15 05:33:58,13.76
2025-04-15 05:44:42,13.76
2025-04-15 05:52:31,13.76
2025-04-15 06:00:04,13.76
2025-04-15 06:33:31,12.76
2025-04-15 06:50:39,12.76
2025-04-15 06:58:34,12.76
2025-04-15 07:21:06,12.76
2025-04-15 07:36:26,12.76
2025-04-15 07:44:41,12.76
2025-04-15 07:52:33,12.76
2025-04-15 08:00:23,12.76
2025-04-15 08:32:54,11.76
2025-04-15 08:50:29,11.76
2025-04-15 08:58:18,11.76
2025-04-15 09:21:55,9.76
2025-04-15 09:37:22,9.76
2025-04-15 09:46:18,9.76
2025-04-15 09:54:05,9.76
2025-04-15 10:11:24,9.76
2025-04-15 10:35:43,8.76
2025-04-15 10:48:22,8.76
2025-04-15 10:56:00,8.76
2025-04-15 11:12:13,7.76
2025-04-15 11:26:24,7.76
2025-04-15 11:36:04,7.76
2025-04-15 11:43:29,7.76
2025-04-15 11:51:18,7.76
2025-04-15 11:59:04,7.76
2025-04-15 12:42:35,7.76
2025-04-15 13:16:24,9.24
2025-04-15 13:40:59,6.76
2025-04-15 13:51:21,6.76
2025-04-15 13:58:59,6.76
2025-04-15 14:21:26,6.76
2025-04-15 14:40:18,6.76
2025-04-15 14:50:33,6.76
2025-04-15 14:58:22,6.76
2025-04-15 15:21:11,8.63
2025-04-15 15:37:42,6.76
2025-04-15 15:47:05,6.76
2025-04-15 15:54:32,6.76
2025-04-15 16:12:15,6.76
2025-04-15 16:36:54,5.76
2025-04-15 16:50:16,5.76
2025-04-15 16:57:42,5.76
2025-04-15 17:16:26,7.88
2025-04-15 17:32:47,3.76
2025-04-15 17:43:23,3.76
2025-04-15 17:50:55,3.76
2025-04-15 17:58:23,3.76
2025-04-15 18:25:57,7.59
2025-04-15 18:44:39,5.76
2025-04-15 18:53:42,5.76
2025-04-15 19:07:39,5.76
2025-04-15 19:22:25,4.76
2025-04-15 19:29:49,4.76
2025-04-15 19:38:57,4.76
2025-04-15 19:46:51,4.76
2025-04-15 19:54:23,4.76
2025-04-15 20:12:22,4.76
2025-04-15 20:31:30,5.76
2025-04-15 20:43:23,5.76
2025-04-15 20:51:06,5.76
2025-04-15 20:58:42,5.76
2025-04-15 21:19:07,5.76
2025-04-15 21:31:14,5.76
2025-04-15 21:40:48,5.76
2025-04-15 21:48:57,5.76
2025-04-15 21:56:34,5.76
2025-04-15 22:14:52,7.92
2025-04-15 22:33:45,6.76
2025-04-15 22:44:18,6.76
2025-04-15 22:51:47,6.76
2025-04-15 22:59:14,6.76
2025-04-15 23:20:16,9.76
2025-04-15 23:31:17,9.76
2025-04-15 23:41:03,9.76
2025-04-15 23:48:52,9.76
2025-04-15 23:56:33,9.76
2025-04-16 01:15:17,12.76
2025-04-16 02:44:34,14.76
2025-04-16 03:27:13,17.76
2025-04-16 03:49:33,17.76
2025-04-16 03:57:45,17.76
2025-04-16 04:21:37,19.76
2025-04-16 04:39:52,19.76
2025-04-16 04:51:15,19.76
2025-04-16 04:58:42,19.76
2025-04-16 05:20:18,21.76
2025-04-16 05:37:51,21.76
2025-04-16 05:45:57,21.76
2025-04-16 05:53:53,21.76
2025-04-16 06:14:34,20.76
2025-04-16 06:42:45,20.76
2025-04-16 06:54:38,20.76
2025-04-16 07:11:57,20.76
2025-04-16 07:28:29,21.76
2025-04-16 07:38:58,21.76
2025-04-16 07:46:40,21.76
2025-04-16 07:54:03,21.76
2025-04-16 08:14:23,20.76
2025-04-16 08:40:43,20.76
2025-04-16 08:54:12,20.76
2025-04-16 09:12:04,19.76
2025-04-16 09:31:52,19.76
2025-04-16 09:44:12,19.76
2025-04-16 09:51:50,19.76
2025-04-16 09:59:17,19.76
2025-04-16 10:24:20,18.76
2025-04-16 10:42:25,18.76
2025-04-16 10:51:20,18.76
2025-04-16 10:58:52,18.76
2025-04-16 11:17:32,17.76
2025-04-16 11:28:43,17.76
2025-04-16 11:37:49,17.76
2025-04-16 11:45:16,17.76
2025-04-16 11:53:15,17.76
2025-04-16 12:16:05,16.69
2025-04-16 12:58:08,15.76
2025-04-16 13:29:03,15.76
2025-04-16 13:45:07,15.76
2025-04-16 13:52:55,15.76
2025-04-16 14:08:57,15.76
2025-04-16 14:31:11,15.76
2025-04-16 14:45:18,15.76
2025-04-16 14:52:45,15.76
2025-04-16 15:00:22,15.76
2025-04-16 15:27:01,14.76
2025-04-16 15:41:06,14.76
2025-04-16 15:50:14,14.76
2025-04-16 15:57:36,14.76
2025-04-16 16:23:08,15.76
2025-04-16 16:45:01,15.76
2025-04-16 16:57:24,15.76
2025-04-16 17:15:14,15.76
2025-04-16 17:31:38,15.76
2025-04-16 17:42:59,15.76
2025-04-16 17:50:26,15.76
2025-04-16 17:58:19,15.76
2025-04-16 18:27:50,13.76
2025-04-16 18:47:43,13.76
2025-04-16 18:55:35,13.76
2025-04-16 19:09:59,13.76
2025-04-16 19:23:12,13.76
2025-04-16 19:31:04,13.76
2025-04-16 19:39:43,13.76
2025-04-16 19:47:28,13.76
2025-04-16 19:54:55,13.76
2025-04-16 20:13:50,13.36
2025-04-16 20:32:38,14.76
2025-04-16 20:44:01,14.76
2025-04-16 20:51:49,14.76
2025-04-16 20:59:31,14.76
2025-04-16 21:21:00,12.76
2025-04-16 21:33:03,12.76
2025-04-16 21:42:17,12.76
2025-04-16 21:50:11,12.76
2025-04-16 21:57:27,12.76
2025-04-16 22:16:35,15.76
2025-04-16 22:35:41,15.76
2025-04-16 22:45:32,15.76
2025-04-16 22:53:27,15.76
2025-04-16 23:08:23,15.76
2025-04-16 23:25:55,14.87
2025-04-16 23:36:30,17.76
2025-04-16 23:44:40,17.76
2025-04-16 23:52:17,17.76
2025-04-16 23:59:55,17.76
2025-04-17 01:52:32,19.76
2025-04-17 02:57:32,20.76
2025-04-17 03:34:21,22.76
2025-04-17 03:53:01,22.76
2025-04-17 04:10:32,22.76
2025-04-17 04:34:28,22.76
2025-04-17 04:47:37,22.76
2025-04-17 04:55:23,22.76
2025-04-17 05:13:48,24.8
2025-04-17 05:32:49,22.76
2025-04-17 05:43:52,22.76
2025-04-17 05:51:35,22.76
2025-04-17 05:59:14,22.76
2025-04-17 06:30:59,23.76
2025-04-17 06:49:06,23.76
2025-04-17 06:56:33,23.76
2025-04-17 07:16:24,21.76
2025-04-17 07:31:31,21.76
2025-04-17 07:43:10,21.76
2025-04-17 07:51:05,21.76
2025-04-17 07:58:55,21.76
2025-04-17 08:28:06,19.76
2025-04-17 08:46:30,19.76
2025-04-17 08:56:03,19.76
2025-04-17 09:16:28,18.76
2025-04-17 09:33:15,18.76
2025-04-17 09:43:46,18.76
2025-04-17 09:51:29,18.76
2025-04-17 09:59:03,18.76
2025-04-17 10:23:05,21.55
2025-04-17 10:40:50,17.76
2025-04-17 10:50:20,17.76
2025-04-17 10:58:03,17.76
2025-04-17 11:15:44,19.76
2025-04-17 11:27:49,18.76
2025-04-17 11:36:49,18.76
2025-04-17 11:44:28,18.76
2025-04-17 11:52:21,18.76
2025-04-17 11:59:51,18.76
2025-04-17 12:47:13,17.76
2025-04-17 13:16:57,16.76
2025-04-17 13:39:19,16.76
2025-04-17 13:48:19,16.76
2025-04-17 13:56:13,16.76
2025-04-17 14:14:21,16.76
2025-04-17 14:34:01,15.76
2025-04-17 14:46:43,15.76
2025-04-17 14:53:39,15.76
2025-04-17 15:09:50,15.76
2025-04-17 15:30:24,14.76
2025-04-17 15:42:25,14.76
2025-04-17 15:49:57,14.76
2025-04-17 15:57:39,14.76
2025-04-17 16:22:59,16.76
2025-04-17 16:43:50,16.76
2025-04-17 16:55:17,16.76
2025-04-17 17:10:58,16.76
2025-04-17 17:30:43,16.76
2025-04-17 17:42:33,16.76
2025-04-17 17:50:07,16.76
2025-04-17 17:57:54,16.76
2025-04-17 18:25:35,15.76
2025-04-17 18:45:00,15.76
2025-04-17 18:54:01,15.76
2025-04-17 19:07:58,15.76
2025-04-17 19:22:19,15.76
2025-04-17 19:29:54,15.76
2025-04-17 19:39:23,15.76
2025-04-17 19:47:06,15.76
2025-04-17 19:55:00,14.76
2025-04-17 20:13:37,14.76
2025-04-17 20:31:25,14.76
2025-04-17 20:42:54,14.76
2025-04-17 20:50:35,14.76
2025-04-17 20:58:10,14.76
2025-04-17 21:18:08,14.76
2025-04-17 21:30:35,14.76
2025-04-17 21:40:50,14.76
2025-04-17 21:48:36,14.76
2025-04-17 21:56:07,14.76
2025-04-17 22:13:25,14.76
2025-04-17 22:32:15,15.76
2025-04-17 22:43:27,15.76
2025-04-17 22:51:20,15.76
2025-04-17 22:59:00,15.76
2025-04-17 23:19:37,13.76
2025-04-17 23:31:41,13.76
2025-04-17 23:41:24,13.76
2025-04-17 23:49:10,13.76
2025-04-17 23:56:52,13.76
2025-04-18 01:16:33,14.76
2025-04-18 02:40:21,16.76
2025-04-18 03:22:45,18.76
2025-04-18 03:45:39,18.76
2025-04-18 03:55:33,18.76
2025-04-18 04:16:09,18.76
2025-04-18 04:38:39,20.76
2025-04-18 04:51:06,20.76
2025-04-18 04:58:44,20.76
2025-04-18 05:19:43,21.76
2025-04-18 05:36:34,21.76
2025-04-18 05:44:51,21.76
2025-04-18 05:52:37,21.76
2025-04-18 06:00:05,21.76
2025-04-18 06:33:06,22.76
2025-04-18 06:49:46,22.76
2025-04-18 06:57:20,22.76
2025-04-18 07:16:55,22.76
2025-04-18 07:31:38,22.76
2025-04-18 07:41:11,22.76
2025-04-18 07:48:31,22.76
2025-04-18 07:56:01,22.76
2025-04-18 08:18:47,23.87
2025-04-18 08:40:02,21.76
2025-04-18 08:51:44,21.76
2025-04-18 08:59:26,21.76
2025-04-18 09:24:39,23.37
2025-04-18 09:37:52,20.76
2025-04-18 09:45:38,20.76
2025-04-18 09:53:01,20.76
2025-04-18 10:08:57,20.76
2025-04-18 10:34:33,16.76
2025-04-18 10:47:46,16.76
2025-04-18 10:55:14,16.76
2025-04-18 11:10:40,16.76
2025-04-18 11:24:18,14.76
2025-04-18 11:33:32,14.76
2025-04-18 11:42:16,14.76
2025-04-18 11:49:54,14.76
2025-04-18 11:57:38,14.76
2025-04-18 12:34:46,13.76
2025-04-18 13:03:40,13.76
2025-04-18 13:31:27,13.76
2025-04-18 13:43:03,13.76
2025-04-18 13:50:58,13.76
2025-04-18 13:58:47,13.76
2025-04-18 14:18:22,12.76
2025-04-18 14:34:53,12.76
2025-04-18 14:44:09,12.76
2025-04-18 14:51:54,12.76
2025-04-18 14:59:23,12.76
2025-04-18 15:22:29,17.1
2025-04-18 15:35:55,14.76
2025-04-18 15:44:26,14.76
2025-04-18 15:52:33,14.76
2025-04-18 16:00:17,14.76
2025-04-18 16:28:49,14.76
2025-04-18 16:44:36,14.76
2025-04-18 16:53:51,14.76
2025-04-18 17:08:43,14.76
2025-04-18 17:28:17,15.76
2025-04-18 17:39:00,15.76
2025-04-18 17:46:51,15.76
2025-04-18 17:54:38,15.76
2025-04-18 18:14:54,15.76
2025-04-18 18:39:59,15.76
2025-04-18 18:51:42,15.76
2025-04-18 18:59:13,15.76
2025-04-18 19:17:06,14.76
2025-04-18 19:26:30,14.76
2025-04-18 19:36:06,14.76
2025-04-18 19:43:35,14.76
2025-04-18 19:51:22,14.76
2025-04-18 19:58:51,14.76
2025-04-18 20:21:57,14.76
2025-04-18 20:34:56,14.76
2025-04-18 20:44:07,14.76
2025-04-18 20:51:58,14.76
2025-04-18 20:59:27,14.76
2025-04-18 21:19:35,14.76
2025-04-18 21:31:06,14.76
2025-04-18 21:40:30,14.76
2025-04-18 21:48:15,14.76
2025-04-18 21:55:52,14.76
2025-04-18 22:13:25,15.76
2025-04-18 22:32:40,15.76
2025-04-18 22:44:10,15.76
2025-04-18 22:51:47,15.76
2025-04-18 22:59:29,15.76
2025-04-18 23:20:26,16.76
2025-04-18 23:32:01,16.76
2025-04-18 23:41:24,16.76
2025-04-18 23:48:55,16.76
2025-04-18 23:56:34,16.76
2025-04-19 01:11:57,17.76
2025-04-19 02:35:55,18.76
2025-04-19 03:17:35,20.09
2025-04-19 03:42:43,17.76
2025-04-19 03:52:42,17.76
2025-04-19 04:00:22,17.76
2025-04-19 04:27:58,18.76
2025-04-19 04:42:21,18.76
2025-04-19 04:50:13,18.76
2025-04-19 04:57:57,18.76
2025-04-19 05:17:49,20.37
2025-04-19 05:35:05,12.76
2025-04-19 05:44:04,12.76
2025-04-19 05:51:34,12.76
2025-04-19 05:58:58,12.76
2025-04-19 06:27:53,14.76
2025-04-19 06:45:09,14.76
2025-04-19 06:52:45,14.76
2025-04-19 07:00:40,14.76
2025-04-19 07:20:52,13.76
2025-04-19 07:28:54,13.76
2025-04-19 07:37:29,13.76
2025-04-19 07:45:12,13.76
2025-04-19 07:52:55,13.76
2025-04-19 08:09:17,12.76
2025-04-19 08:31:28,11.76
2025-04-19 08:44:10,11.76
2025-04-19 08:52:04,11.76
2025-04-19 08:59:43,10.76
2025-04-19 09:21:02,10.76
2025-04-19 09:31:41,10.76
2025-04-19 09:40:11,10.76
2025-04-19 09:47:55,10.76
2025-04-19 09:55:40,10.76
2025-04-19 10:13:01,10.76
2025-04-19 10:32:24,10.76
2025-04-19 10:42:46,10.76
2025-04-19 10:50:39,10.76
2025-04-19 10:58:05,10.76
2025-04-19 11:15:28,10.76
2025-04-19 11:26:03,10.76
2025-04-19 11:35:09,10.76
2025-04-19 11:42:50,10.76
2025-04-19 11:50:29,10.76
2025-04-19 11:58:09,10.76
2025-04-19 12:34:11,11.76
2025-04-19 13:00:34,11.76
2025-04-19 13:28:24,11.76
2025-04-19 13:39:55,11.76
2025-04-19 13:47:30,11.76
2025-04-19 13:54:58,11.76
2025-04-19 14:10:38,11.76
2025-04-19 14:28:59,11.76
2025-04-19 14:39:55,11.76
2025-04-19 14:47:42,11.76
2025-04-19 14:55:14,11.76
2025-04-19 15:11:36,11.76
2025-04-19 15:28:03,9.76
2025-04-19 15:37:49,9.76
2025-04-19 15:45:29,9.76
2025-04-19 15:53:36,9.76
2025-04-19 16:09:55,9.76
2025-04-19 16:34:15,9.76
2025-04-19 16:46:32,9.76
2025-04-19 16:54:09,9.76
2025-04-19 17:08:59,9.76
2025-04-19 17:26:57,8.76
2025-04-19 17:37:38,8.76
2025-04-19 17:45:22,8.76
2025-04-19 17:53:05,8.76
2025-04-19 18:09:40,8.76
2025-04-19 18:33:49,9.76
2025-04-19 18:45:52,9.76
2025-04-19 18:53:38,9.76
2025-04-19 19:07:26,9.76
2025-04-19 19:21:46,9.76
2025-04-19 19:29:07,9.76
2025-04-19 19:37:37,9.76
2025-04-19 19:45:08,9.76
2025-04-19 19:53:01,9.76
2025-04-19 20:07:54,9.76
2025-04-19 20:27:14,8.76
2025-04-19 20:38:13,8.76
2025-04-19 20:45:51,8.76
2025-04-19 20:53:37,8.76
2025-04-19 21:07:50,8.76
2025-04-19 21:24:03,8.76
2025-04-19 21:33:33,8.76
2025-04-19 21:41:06,8.76
2025-04-19 21:48:46,8.76
2025-04-19 21:56:25,8.76
2025-04-19 22:13:43,12.15
2025-04-19 22:31:36,8.76
2025-04-19 22:42:14,8.76
2025-04-19 22:50:00,8.76
2025-04-19 22:57:42,8.76
2025-04-19 23:18:41,9.76
2025-04-19 23:31:40,9.76
2025-04-19 23:41:06,9.76
2025-04-19 23:48:43,9.76
2025-04-19 23:56:14,9.76
2025-04-20 01:16:35,14.76
2025-04-20 02:47:55,17.76
2025-04-20 03:29:14,18.76
2025-04-20 03:51:54,18.76
2025-04-20 03:59:27,18.76
2025-04-20 04:24:56,20.76
2025-04-20 04:40:08,20.76
2025-04-20 04:49:41,20.76
2025-04-20 04:57:08,20.76
2025-04-20 05:16:50,21.76
2025-04-20 05:33:35,21.76
2025-04-20 05:43:37,21.76
2025-04-20 05:51:18,21.76
2025-04-20 05:59:00,21.76
2025-04-20 06:28:18,22.76
2025-04-20 06:45:44,22.76
2025-04-20 06:53:25,22.76
2025-04-20 07:09:16,22.76
2025-04-20 07:25:42,22.76
2025-04-20 07:35:05,22.76
2025-04-20 07:42:37,22.76
2025-04-20 07:50:25,22.76
2025-04-20 07:57:58,22.76
2025-04-20 08:21:25,22.76
2025-04-20 08:37:23,22.76
2025-04-20 08:47:04,22.76
2025-04-20 08:54:55,22.76
2025-04-20 09:11:13,22.76
2025-04-20 09:27:28,19.76
2025-04-20 09:38:05,19.76
2025-04-20 09:45:37,19.76
2025-04-20 09:53:20,19.76
2025-04-20 10:08:21,19.76
2025-04-20 10:32:49,17.76
2025-04-20 10:44:46,17.76
2025-04-20 10:52:28,17.76
2025-04-20 11:00:10,17.76
2025-04-20 11:18:13,19.22
2025-04-20 11:27:14,19.22
2025-04-20 11:36:29,16.76
2025-04-20 11:43:59,16.76
2025-04-20 11:51:49,16.76
2025-04-20 11:59:23,16.76
2025-04-20 12:39:15,14.76
2025-04-20 13:04:26,14.76
2025-04-20 13:31:01,13.76
2025-04-20 13:42:43,13.76
2025-04-20 13:50:24,13.76
2025-04-20 13:58:02,13.76
2025-04-20 14:16:01,12.76
2025-04-20 14:32:46,12.76
2025-04-20 14:43:34,12.76
2025-04-20 14:51:11,12.76
2025-04-20 14:58:55,12.76
2025-04-20 15:19:16,17.54
2025-04-20 15:31:27,12.76
2025-04-20 15:42:03,12.76
2025-04-20 15:49:49,12.76
2025-04-20 15:57:33,12.76
2025-04-20 16:19:33,17.1
2025-04-20 16:39:14,11.76
2025-04-20 16:49:19,11.76
2025-04-20 16:56:47,11.76
2025-04-20 17:14:14,11.76
2025-04-20 17:30:16,11.76
2025-04-20 17:41:16,11.76
2025-04-20 17:48:54,11.76
2025-04-20 17:56:38,11.76
2025-04-20 18:19:47,10.76
2025-04-20 18:40:22,10.76
2025-04-20 18:51:17,10.76
2025-04-20 18:59:00,10.76
2025-04-20 19:16:40,11.76
2025-04-20 19:26:00,11.76
2025-04-20 19:35:08,11.76
2025-04-20 19:42:55,11.76
2025-04-20 19:50:45,11.76
2025-04-20 19:58:15,11.76
2025-04-20 20:19:40,10.76
2025-04-20 20:32:42,10.76
2025-04-20 20:43:03,10.76
2025-04-20 20:50:41,10.76
2025-04-20 20:58:13,10.76
2025-04-20 21:16:34,15.18
2025-04-20 21:28:38,10.76
2025-04-20 21:38:39,10.76
2025-04-20 21:46:15,10.76
2025-04-20 21:53:47,10.76
2025-04-20 22:08:34,10.76
2025-04-20 22:30:35,13.76
2025-04-20 22:42:45,13.76
2025-04-20 22:50:34,13.76
2025-04-20 22:58:09,13.76
2025-04-20 23:17:10,17.76
2025-04-20 23:29:30,17.76
2025-04-20 23:38:50,17.76
2025-04-20 23:46:37,17.76
2025-04-20 23:54:20,17.76
2025-04-21 00:56:49,19.76
2025-04-21 02:39:02,21.76
2025-04-21 03:30:07,22.76
2025-04-21 03:55:46,22.76
2025-04-21 04:17:28,23.98
2025-04-21 04:39:34,24.76
2025-04-21 04:52:02,24.76
2025-04-21 04:59:43,24.76
2025-04-21 05:23:42,25.76
2025-04-21 05:41:21,25.76
2025-04-21 05:50:08,25.76
2025-04-21 05:57:57,25.76
2025-04-21 06:27:30,24.76
2025-04-21 06:48:56,24.76
2025-04-21 06:56:54,24.76
2025-04-21 07:16:26,25.53
2025-04-21 07:30:45,25.76
2025-04-21 07:40:44,25.76
2025-04-21 07:48:25,25.76
2025-04-21 07:56:08,25.76
2025-04-21 08:19:55,24.76
2025-04-21 08:42:16,24.76
2025-04-21 08:55:08,24.76
2025-04-21 09:13:42,23.58
2025-04-21 09:31:49,22.76
2025-04-21 09:42:53,22.76
2025-04-21 09:50:37,22.76
2025-04-21 09:58:10,22.76
2025-04-21 10:20:27,21.76
2025-04-21 10:41:53,21.76
2025-04-21 10:51:24,21.76
2025-04-21 10:58:49,21.76
2025-04-21 11:17:04,21.04
2025-04-21 11:28:22,20.76
2025-04-21 11:37:46,20.76
2025-04-21 11:45:36,20.76
2025-04-21 11:53:23,20.76
2025-04-21 12:16:23,19.94
2025-04-21 12:56:19,19.76
2025-04-21 13:23:54,17.76
2025-04-21 13:41:02,17.76
2025-04-21 13:48:59,17.76
2025-04-21 13:56:25,17.76
2025-04-21 14:14:39,17.76
2025-04-21 14:33:21,17.76
2025-04-21 14:44:10,17.76
2025-04-21 14:52:04,17.76
2025-04-21 14:59:35,17.76
2025-04-21 15:23:28,17.76
2025-04-21 15:37:28,17.76
2025-04-21 15:45:22,17.76
2025-04-21 15:53:26,17.76
2025-04-21 16:10:32,17.76
2025-04-21 16:37:16,17.76
2025-04-21 16:50:54,17.76
2025-04-21 16:58:23,17.76
2025-04-21 17:17:50,17.93
2025-04-21 17:34:09,17.76
2025-04-21 17:43:40,17.76
2025-04-21 17:51:14,17.76
2025-04-21 17:58:40,17.76
2025-04-21 18:27:30,17.76
2025-04-21 18:46:57,17.76
2025-04-21 18:54:56,17.76
2025-04-21 19:09:50,17.76
2025-04-21 19:24:17,17.76
2025-04-21 19:32:44,17.76
2025-04-21 19:40:31,17.76
2025-04-21 19:48:16,17.76
2025-04-21 19:56:03,17.76
2025-04-21 20:16:07,18.15
2025-04-21 20:32:45,16.76
2025-04-21 20:43:55,16.76
2025-04-21 20:51:17,16.76
2025-04-21 20:58:59,16.76
2025-04-21 21:19:26,16.76
2025-04-21 21:31:36,16.76
2025-04-21 21:41:47,16.76
2025-04-21 21:49:18,16.76
2025-04-21 21:57:09,16.76
2025-04-21 22:16:37,16.76
2025-04-21 22:34:30,16.76
2025-04-21 22:44:19,16.76
2025-04-21 22:52:11,16.76
2025-04-21 22:59:37,16.76
2025-04-21 23:21:07,17.76
2025-04-21 23:31:20,17.76
2025-04-21 23:42:09,17.76
2025-04-21 23:49:55,17.76
2025-04-21 23:57:39,17.76
2025-04-22 01:24:23,17.76
2025-04-22 02:45:56,17.76
2025-04-22 03:26:24,15.76
2025-04-22 03:51:20,15.76
2025-04-22 03:59:26,15.76
2025-04-22 04:26:02,15.76
2025-04-22 04:43:46,15.76
2025-04-22 04:53:20,15.76
2025-04-22 05:09:31,15.76
2025-04-22 05:31:24,15.76
2025-04-22 05:44:07,15.76
2025-04-22 05:51:37,15.76
2025-04-22 05:59:14,15.76
2025-04-22 06:31:13,16.76
2025-04-22 06:49:23,16.76
2025-04-22 06:56:47,16.76
2025-04-22 07:16:29,16.76
2025-04-22 07:31:30,16.76
2025-04-22 07:41:34,16.76
2025-04-22 07:49:19,16.76
2025-04-22 07:57:16,16.76
2025-04-22 08:22:55,16.76
2025-04-22 08:42:45,16.76
2025-04-22 08:54:12,16.76
2025-04-22 09:11:49,17.78
2025-04-22 09:31:01,16.76
2025-04-22 09:43:02,16.76
2025-04-22 09:50:51,16.76
2025-04-22 09:58:17,16.76
2025-04-22 10:20:48,17.72
2025-04-22 10:40:15,16.76
2025-04-22 10:50:10,16.76
2025-04-22 10:58:04,16.76
2025-04-22 11:16:29,16.76
2025-04-22 11:29:12,16.76
2025-04-22 11:39:00,16.76
2025-04-22 11:46:39,16.76
2025-04-22 11:54:28,16.76
2025-04-22 12:21:20,14.76
2025-04-22 12:59:06,14.76
2025-04-22 13:30:36,14.76
2025-04-22 13:46:04,14.76
2025-04-22 13:53:55,14.76
2025-04-22 14:10:38,14.76
2025-04-22 14:33:34,14.76
2025-04-22 14:46:37,14.76
2025-04-22 14:54:04,14.76
2025-04-22 15:11:02,16.32
2025-04-22 15:31:27,13.76
2025-04-22 15:43:44,13.76
2025-04-22 15:51:28,13.76
2025-04-22 15:59:00,13.76
2025-04-22 16:26:34,12.76
2025-04-22 16:45:21,12.76
2025-04-22 16:55:36,12.76
2025-04-22 17:12:25,12.76
2025-04-22 17:31:18,10.76
2025-04-22 17:42:45,10.76
2025-04-22 17:50:30,10.76
2025-04-22 17:58:10,10.76
2025-04-22 18:27:08,9.76
2025-04-22 18:46:59,9.76
2025-04-22 18:55:26,9.76
2025-04-22 19:10:48,9.76
2025-04-22 19:24:51,13.82
2025-04-22 19:33:42,9.76
2025-04-22 19:41:32,9.76
2025-04-22 19:49:14,9.76
2025-04-22 19:56:59,9.76
2025-04-22 20:18:33,12.84
2025-04-22 20:35:28,9.76
2025-04-22 20:45:57,9.76
2025-04-22 20:53:48,9.76
2025-04-22 21:09:04,9.76
2025-04-22 21:26:56,9.76
2025-04-22 21:37:13,9.76
2025-04-22 21:44:57,9.76
2025-04-22 21:52:43,9.76
2025-04-22 22:00:42,9.76
2025-04-22 22:24:34,11.76
2025-04-22 22:39:20,11.76
2025-04-22 22:47:09,11.76
2025-04-22 22:54:45,11.76
2025-04-22 23:10:38,11.76
2025-04-22 23:27:24,13.76
2025-04-22 23:38:36,13.76
2025-04-22 23:46:11,13.76
2025-04-22 23:53:52,13.76
2025-04-23 00:49:44,16.76
2025-04-23 02:20:52,18.76
2025-04-23 03:13:36,19.76
2025-04-23 03:44:36,19.76
2025-04-23 03:56:03,19.76
2025-04-23 04:18:07,21.76
2025-04-23 04:40:02,21.76
2025-04-23 04:52:25,21.76
2025-04-23 05:00:02,21.76
2025-04-23 05:23:50,20.76
2025-04-23 05:39:06,20.76
2025-04-23 05:47:00,20.76
2025-04-23 05:54:27,20.76
2025-04-23 06:16:16,20.76
2025-04-23 06:43:05,20.76
2025-04-23 06:53:56,20.76
2025-04-23 07:14:18,20.76
2025-04-23 07:32:39,21.76
2025-04-23 07:43:18,21.76
2025-04-23 07:50:53,21.76
2025-04-23 07:58:26,21.76
2025-04-23 08:27:07,20.76
2025-04-23 08:46:35,20.76
2025-04-23 08:57:38,20.76
2025-04-23 09:19:54,22.09
2025-04-23 09:35:52,19.76
2025-04-23 09:45:43,19.76
2025-04-23 09:53:15,19.76
2025-04-23 10:10:07,16.76
2025-04-23 10:36:27,16.76
2025-04-23 10:50:06,16.76
2025-04-23 10:57:35,16.76
2025-04-23 11:15:37,14.76
2025-04-23 11:28:41,14.76
2025-04-23 11:37:38,14.76
2025-04-23 11:45:29,14.76
2025-04-23 11:53:12,14.76
2025-04-23 12:16:03,13.76
2025-04-23 12:58:01,13.76
2025-04-23 13:29:12,11.76
2025-04-23 13:45:56,11.76
2025-04-23 13:53:42,11.76
2025-04-23 14:10:10,11.76
2025-04-23 14:34:18,11.76
2025-04-23 14:48:07,11.76
2025-04-23 14:55:38,11.76
2025-04-23 15:15:01,11.76
2025-04-23 15:34:11,11.76
2025-04-23 15:46:03,11.76
2025-04-23 15:54:16,11.76
2025-04-23 16:13:37,11.76
2025-04-23 16:41:28,10.76
2025-04-23 16:55:25,10.76
2025-04-23 17:12:05,10.76
2025-04-23 17:31:37,9.76
2025-04-23 17:43:30,9.76
2025-04-23 17:51:24,9.76
2025-04-23 17:59:17,9.76
2025-04-23 18:31:44,9.76
2025-04-23 18:51:26,9.76
2025-04-23 18:58:51,9.76
2025-04-23 19:17:30,13.43
2025-04-23 19:28:05,9.76
2025-04-23 19:37:11,9.76
2025-04-23 19:45:00,9.76
2025-04-23 19:52:41,9.76
2025-04-23 20:00:31,9.76
2025-04-23 20:27:13,9.76
2025-04-23 20:40:21,9.76
2025-04-23 20:48:38,9.76
2025-04-23 20:56:19,9.76
2025-04-23 21:14:33,8.76
2025-04-23 21:29:49,8.76
2025-04-23 21:41:07,8.76
2025-04-23 21:48:33,8.76
2025-04-23 21:56:01,8.76
2025-04-23 22:14:02,10.76
2025-04-23 22:34:05,10.76
2025-04-23 22:45:12,10.76
2025-04-23 22:52:45,10.76
2025-04-23 23:00:54,10.76
2025-04-23 23:24:00,15.21
2025-04-23 23:34:58,12.76
2025-04-23 23:43:25,12.76
2025-04-23 23:50:56,12.76
2025-04-23 23:58:21,12.76
2025-04-24 01:39:10,16.76
2025-04-24 02:58:38,17.76
2025-04-24 03:37:55,17.76
2025-04-24 03:54:49,17.76
2025-04-24 04:14:20,20.14
2025-04-24 04:36:29,17.76
2025-04-24 04:48:56,17.76
2025-04-24 04:56:22,20.2
2025-04-24 05:16:01,17.76
2025-04-24 05:34:57,17.76
2025-04-24 05:45:35,17.76
2025-04-24 05:53:27,17.76
2025-04-24 06:13:37,18.76
2025-04-24 06:42:44,18.76
2025-04-24 06:54:37,18.76
2025-04-24 07:12:14,18.76
2025-04-24 07:29:30,17.76
2025-04-24 07:40:35,17.76
2025-04-24 07:48:23,17.76
2025-04-24 07:56:00,17.76
2025-04-24 08:19:41,19.49
2025-04-24 08:42:35,16.76
2025-04-24 08:54:44,16.76
2025-04-24 09:13:15,15.76
2025-04-24 09:32:14,15.76
2025-04-24 09:43:51,15.76
2025-04-24 09:51:43,15.76
2025-04-24 09:59:08,15.76
2025-04-24 10:23:59,13.76
2025-04-24 10:42:00,13.76
2025-04-24 10:51:17,13.76
2025-04-24 10:58:50,13.76
2025-04-24 11:17:50,12.76
2025-04-24 11:29:26,12.76
2025-04-24 11:38:39,12.76
2025-04-24 11:46:22,12.76
2025-04-24 11:54:13,12.76
2025-04-24 12:20:44,13.62
2025-04-24 13:00:39,11.76
2025-04-24 13:34:26,10.76
2025-04-24 13:48:25,10.76
2025-04-24 13:55:57,10.76
2025-04-24 14:13:30,9.76
2025-04-24 14:34:47,9.76
2025-04-24 14:47:00,9.76
2025-04-24 14:54:47,9.76
2025-04-24 15:13:00,12.15
2025-04-24 15:33:05,9.76
2025-04-24 15:45:09,9.76
2025-04-24 15:53:13,9.76
2025-04-24 16:11:02,8.76
2025-04-24 16:37:43,8.76
2025-04-24 16:52:46,8.76
2025-04-24 17:00:39,8.76
2025-04-24 17:22:33,7.76
2025-04-24 17:35:13,7.76
2025-04-24 17:43:24,7.76
2025-04-24 17:51:17,7.76
2025-04-24 17:59:05,7.76
2025-04-24 18:29:28,8.76
2025-04-24 18:48:14,8.76
2025-04-24 18:55:59,8.76
2025-04-24 19:11:41,8.76
2025-04-24 19:25:17,7.76
2025-04-24 19:34:24,7.76
2025-04-24 19:42:39,7.76
2025-04-24 19:50:29,7.76
2025-04-24 19:58:09,7.76
2025-04-24 20:21:19,10.72
2025-04-24 20:36:44,6.76
2025-04-24 20:46:42,6.76
2025-04-24 20:54:30,6.76
2025-04-24 21:10:40,7.76
2025-04-24 21:29:17,7.76
2025-04-24 21:41:04,7.76
2025-04-24 21:48:42,7.76
2025-04-24 21:56:31,7.76
2025-04-24 22:15:04,11.26
2025-04-24 22:35:15,9.76
2025-04-24 22:46:04,9.76
2025-04-24 22:53:48,9.76
2025-04-24 23:09:43,11.76
2025-04-24 23:27:10,11.76
2025-04-24 23:37:01,11.76
2025-04-24 23:45:24,11.76
2025-04-24 23:53:13,11.76
2025-04-25 00:42:21,13.76
2025-04-25 02:20:23,15.76
2025-04-25 03:14:34,15.76
2025-04-25 03:45:07,16.76
2025-04-25 03:56:20,16.76
2025-04-25 04:18:42,16.76
2025-04-25 04:39:13,16.76
2025-04-25 04:51:12,16.76
2025-04-25 04:58:50,16.76
2025-04-25 05:20:28,16.76
2025-04-25 05:37:43,16.76
2025-04-25 05:45:40,16.76
2025-04-25 05:53:30,16.76
2025-04-25 06:13:38,16.76
2025-04-25 06:42:10,16.76
2025-04-25 06:53:52,16.76
2025-04-25 07:10:19,16.76
2025-04-25 07:27:39,16.76
2025-04-25 07:37:32,16.76
2025-04-25 07:44:56,16.76
2025-04-25 07:52:53,16.76
2025-04-25 08:12:10,15.76
2025-04-25 08:36:58,15.76
2025-04-25 08:51:51,15.76
2025-04-25 08:59:31,15.76
2025-04-25 09:24:14,14.76
2025-04-25 09:37:39,14.76
2025-04-25 09:45:05,14.76
2025-04-25 09:52:47,14.76
2025-04-25 10:00:33,14.76
2025-04-25 10:26:34,12.76
2025-04-25 10:42:16,12.76
2025-04-25 10:50:22,12.76
2025-04-25 10:57:51,12.76
2025-04-25 11:15:16,11.76
2025-04-25 11:28:14,11.76
2025-04-25 11:37:34,11.76
2025-04-25 11:45:21,11.76
2025-04-25 11:53:18,11.76
2025-04-25 12:15:49,13
2025-04-25 12:57:11,11.76
2025-04-25 13:26:06,10.76
2025-04-25 13:42:33,10.76
2025-04-25 13:50:19,10.76
2025-04-25 13:57:52,10.76
2025-04-25 14:17:46,7.76
2025-04-25 14:36:41,7.76
2025-04-25 14:46:31,7.76
2025-04-25 14:54:17,7.76
2025-04-25 15:11:16,11.66
2025-04-25 15:30:51,8.76
2025-04-25 15:50:40,8.76
2025-04-25 15:58:25,8.76
2025-04-25 16:24:38,7.76
2025-04-25 16:44:06,7.76
2025-04-25 16:56:45,7.76
2025-04-25 17:13:29,5.76
2025-04-25 17:30:26,5.76
2025-04-25 17:41:35,5.76
2025-04-25 17:49:26,5.76
2025-04-25 17:57:13,5.76
2025-04-25 18:23:47,6.76
2025-04-25 18:43:34,6.76
2025-04-25 18:53:05,6.76
2025-04-25 19:06:49,6.76
2025-04-25 19:22:12,5.76
2025-04-25 19:29:44,5.76
2025-04-25 19:38:50,5.76
2025-04-25 19:46:42,5.76
2025-04-25 19:54:25,5.76
2025-04-25 20:12:02,10.05
2025-04-25 20:31:29,4.76
2025-04-25 20:44:41,4.76
2025-04-25 20:52:50,4.76
2025-04-25 21:00:52,4.76
2025-04-25 21:23:49,5.76
2025-04-25 21:35:00,5.76
2025-04-25 21:43:59,5.76
2025-04-25 21:51:31,5.76
2025-04-25 21:58:58,5.76
2025-04-25 22:21:29,8.76
2025-04-25 22:38:38,8.76
2025-04-25 22:49:20,8.76
2025-04-25 22:57:07,8.76
2025-04-25 23:15:42,8.76
2025-04-25 23:29:32,11.76
2025-04-25 23:39:37,11.76
2025-04-25 23:47:14,11.76
2025-04-25 23:54:55,11.76
2025-04-26 00:57:40,13.76
2025-04-26 02:23:46,17.76
2025-04-26 03:10:39,17.76
2025-04-26 03:43:22,17.76
2025-04-26 03:54:46,17.76
2025-04-26 04:13:24,17.76
2025-04-26 04:34:59,17.76
2025-04-26 04:47:04,17.76
2025-04-26 04:54:41,17.76
2025-04-26 05:11:06,17.76
2025-04-26 05:31:06,17.76
2025-04-26 05:42:52,17.76
2025-04-26 05:50:43,17.76
2025-04-26 05:58:22,17.76
2025-04-26 06:26:00,16.76
2025-04-26 06:43:19,16.76
2025-04-26 06:51:30,16.76
2025-04-26 06:59:09,16.76
2025-04-26 07:18:33,16.76
2025-04-26 07:28:48,16.76
2025-04-26 07:37:09,16.76
2025-04-26 07:44:35,16.76
2025-04-26 07:52:33,16.76
2025-04-26 08:00:01,16.76
2025-04-26 08:27:30,16.76
2025-04-26 08:42:10,16.76
2025-04-26 08:50:46,16.76
2025-04-26 08:58:29,16.76
2025-04-26 09:18:59,14.76
2025-04-26 09:31:05,14.76
2025-04-26 09:40:15,14.76
2025-04-26 09:48:03,14.76
2025-04-26 09:55:50,14.76
2025-04-26 10:13:23,13.76
2025-04-26 10:32:52,13.76
2025-04-26 10:43:12,13.76
2025-04-26 10:50:52,13.76
2025-04-26 10:58:15,13.76
2025-04-26 11:14:33,13.76
2025-04-26 11:25:11,13.76
2025-04-26 11:34:25,13.76
2025-04-26 11:42:11,13.76
2025-04-26 11:50:06,13.76
2025-04-26 11:57:51,13.76
2025-04-26 12:33:39,13.76
2025-04-26 13:01:23,13.76
2025-04-26 13:28:29,12.76
2025-04-26 13:40:41,12.76
2025-04-26 13:48:11,12.76
2025-04-26 13:55:52,12.76
2025-04-26 14:11:44,12.76
2025-04-26 14:29:26,11.76
2025-04-26 14:40:05,11.76
2025-04-26 14:48:00,11.76
2025-04-26 14:55:27,11.76
2025-04-26 15:11:37,11.76
2025-04-26 15:28:24,8.76
2025-04-26 15:38:23,8.76
2025-04-26 15:46:19,8.76
2025-04-26 15:54:14,8.76
2025-04-26 16:11:18,8.76
2025-04-26 16:33:57,7.76
2025-04-26 16:46:09,7.76
2025-04-26 16:53:26,7.76
2025-04-26 17:06:55,7.76
2025-04-26 17:24:34,8.76
2025-04-26 17:34:24,8.76
2025-04-26 17:42:00,8.76
2025-04-26 17:49:45,8.76
2025-04-26 17:57:17,8.76
2025-04-26 18:21:06,7.76
2025-04-26 18:39:51,7.76
2025-04-26 18:49:09,7.76
2025-04-26 18:56:50,7.76
2025-04-26 19:12:26,7.76
2025-04-26 19:25:09,7.76
2025-04-26 19:33:41,7.76
2025-04-26 19:41:09,7.76
2025-04-26 19:48:57,7.76
2025-04-26 19:56:40,7.76
2025-04-26 20:15:34,12.04
2025-04-26 20:30:48,8.76
2025-04-26 20:41:03,8.76
2025-04-26 20:48:47,8.76
2025-04-26 20:56:21,8.76
2025-04-26 21:13:05,8.76
2025-04-26 21:26:48,8.76
2025-04-26 21:35:16,8.76
2025-04-26 21:42:56,8.76
2025-04-26 21:50:30,8.76
2025-04-26 21:57:56,8.76
2025-04-26 22:16:30,8.76
2025-04-26 22:32:44,11.76
2025-04-26 22:43:45,11.76
2025-04-26 22:51:25,11.76
2025-04-26 22:58:57,11.76
2025-04-26 23:19:31,14.19
2025-04-26 23:30:45,14.76
2025-04-26 23:40:03,14.76
2025-04-26 23:47:34,14.76
2025-04-26 23:55:17,14.76
2025-04-27 01:07:17,16.76
2025-04-27 02:46:55,17.76
2025-04-27 03:29:14,17.76
2025-04-27 03:51:31,17.76
2025-04-27 03:59:13,17.76
2025-04-27 04:24:59,17.76
2025-04-27 04:40:13,17.76
2025-04-27 04:49:08,17.76
2025-04-27 04:56:59,17.76
2025-04-27 05:16:08,21.44
2025-04-27 05:33:05,18.76
2025-04-27 05:43:12,18.76
2025-04-27 05:50:52,18.76
2025-04-27 05:58:18,18.76
2025-04-27 06:26:18,17.76
2025-04-27 06:43:55,17.76
2025-04-27 06:52:21,17.76
2025-04-27 06:59:55,17.76
2025-04-27 07:20:02,16.76
2025-04-27 07:29:11,16.76
2025-04-27 07:37:35,16.76
2025-04-27 07:45:10,16.76
2025-04-27 07:52:56,16.76
2025-04-27 08:09:53,16.76
2025-04-27 08:32:07,15.76
2025-04-27 08:44:55,15.76
2025-04-27 08:52:50,15.76
2025-04-27 09:00:37,15.76
2025-04-27 09:23:35,15.76
2025-04-27 09:33:31,15.76
2025-04-27 09:41:39,15.76
2025-04-27 09:49:23,15.76
2025-04-27 09:56:52,15.76
2025-04-27 10:16:40,14.76
2025-04-27 10:34:48,14.76
2025-04-27 10:43:56,14.76
2025-04-27 10:51:37,14.76
2025-04-27 10:59:04,14.76
2025-04-27 11:15:51,14.76
2025-04-27 11:26:37,13.76
2025-04-27 11:36:04,13.76
2025-04-27 11:43:40,13.76
2025-04-27 11:51:17,13.76
2025-04-27 11:59:02,13.76
2025-04-27 12:38:27,11.76
2025-04-27 13:03:18,11.76
2025-04-27 13:28:58,10.76
2025-04-27 13:39:33,10.76
2025-04-27 13:47:24,10.76
2025-04-27 13:55:00,10.76
2025-04-27 14:10:24,10.76
2025-04-27 14:28:46,11.76
2025-04-27 14:39:09,11.76
2025-04-27 14:46:59,11.76
2025-04-27 14:54:24,11.76
2025-04-27 15:10:49,11.76
2025-04-27 15:28:25,10.76
2025-04-27 15:38:37,10.76
2025-04-27 15:46:27,10.76
2025-04-27 15:54:12,10.76
2025-04-27 16:11:54,10.76
2025-04-27 16:33:54,9.76
2025-04-27 16:47:34,9.76
2025-04-27 16:55:17,9.76
2025-04-27 17:11:42,10.76
2025-04-27 17:29:02,10.76
2025-04-27 17:39:11,10.76
2025-04-27 17:46:57,10.76
2025-04-27 17:54:36,10.76
2025-04-27 18:14:01,10.76
2025-04-27 18:36:29,10.76
2025-04-27 18:47:51,10.76
2025-04-27 18:55:48,10.76
2025-04-27 19:11:42,10.76
2025-04-27 19:23:48,10.76
2025-04-27 19:31:58,10.76
2025-04-27 19:39:43,10.76
2025-04-27 19:47:24,10.76
2025-04-27 19:55:08,10.76
2025-04-27 20:13:19,7.76
2025-04-27 20:30:26,7.76
2025-04-27 20:41:14,7.76
2025-04-27 20:49:00,7.76
2025-04-27 20:56:45,7.76
2025-04-27 21:13:30,7.76
2025-04-27 21:27:20,7.76
2025-04-27 21:35:44,7.76
2025-04-27 21:43:15,7.76
2025-04-27 21:50:59,7.76
2025-04-27 21:58:27,7.76
2025-04-27 22:18:09,7.76
2025-04-27 22:33:54,10.76
2025-04-27 22:43:09,10.76
2025-04-27 22:50:54,10.76
2025-04-27 22:58:42,10.76
2025-04-27 23:20:08,12.76
2025-04-27 23:33:14,12.76
2025-04-27 23:42:36,12.76
2025-04-27 23:50:03,12.76
2025-04-27 23:57:43,12.76
2025-04-28 01:27:41,16.76
2025-04-28 02:55:58,17.76
2025-04-28 03:37:53,18.76
2025-04-28 03:57:49,18.76
2025-04-28 04:22:30,18.76
2025-04-28 04:42:05,18.76
2025-04-28 04:53:17,18.76
2025-04-28 05:14:23,21.04
2025-04-28 05:45:49,19.76
2025-04-28 05:59:42,19.76
2025-04-28 06:39:30,19.76
2025-04-28 07:00:55,19.76
2025-04-28 07:51:00,19.76
2025-04-28 08:29:15,18.76
2025-04-28 10:27:13,16.76
2025-04-28 11:25:16,14.76
2025-04-28 11:43:57,14.76
2025-04-28 11:51:40,14.76
2025-04-28 11:59:11,14.76
2025-04-28 12:52:35,13.76
2025-04-28 13:32:24,11.76
2025-04-28 13:54:56,11.76
2025-04-28 14:13:19,11.76
2025-04-28 14:39:41,11.76
2025-04-28 14:52:50,11.76
2025-04-28 15:01:05,11.76
2025-04-28 15:28:08,9.76
2025-04-28 15:41:20,9.76
2025-04-28 15:49:33,9.76
2025-04-28 15:57:22,9.76
2025-04-28 16:21:07,10.76
2025-04-28 16:42:26,10.76
2025-04-28 16:53:14,10.76
2025-04-28 17:07:49,10.76
2025-04-28 17:28:03,7.76
2025-04-28 17:39:49,7.76
2025-04-28 17:47:15,7.76
2025-04-28 17:55:03,7.76
2025-04-28 18:18:04,6.76
2025-04-28 18:43:02,6.76
2025-04-28 18:53:34,6.76
2025-04-28 19:07:26,6.76
2025-04-28 19:22:33,11.68
2025-04-28 19:30:17,7.76
2025-04-28 19:39:07,7.76
2025-04-28 19:47:00,7.76
2025-04-28 19:54:36,7.76
2025-04-28 20:12:59,7.76
2025-04-28 20:29:27,5.76
2025-04-28 20:40:42,5.76
2025-04-28 20:48:12,5.76
2025-04-28 20:55:38,5.76
2025-04-28 21:11:15,5.76
2025-04-28 21:27:33,6.76
2025-04-28 21:38:10,6.76
2025-04-28 21:45:32,6.76
2025-04-28 21:53:22,6.76
2025-04-28 22:08:55,6.76
2025-04-28 22:31:29,8.76
2025-04-28 22:43:51,8.76
2025-04-28 22:51:32,8.76
2025-04-28 22:59:16,8.76
2025-04-28 23:20:17,12.76
2025-04-28 23:31:44,12.76
2025-04-28 23:42:05,12.76
2025-04-28 23:50:07,12.76
2025-04-28 23:57:58,12.76
2025-04-29 01:28:10,17.76
2025-04-29 02:52:55,18.76
2025-04-29 03:30:14,18.76
2025-04-29 03:52:19,18.76
2025-04-29 03:59:43,18.76
2025-04-29 04:26:31,19.76
2025-04-29 04:42:08,19.76
2025-04-29 04:51:02,19.76
2025-04-29 04:58:46,19.76
2025-04-29 05:20:32,19.76
2025-04-29 05:37:58,19.76
2025-04-29 05:46:22,19.76
2025-04-29 05:53:44,19.76
2025-04-29 06:14:56,20.08
2025-04-29 06:43:25,19.76
2025-04-29 06:54:40,19.76
2025-04-29 07:12:53,21.65
2025-04-29 07:29:44,19.76
2025-04-29 07:40:53,19.76
2025-04-29 07:48:43,19.76
2025-04-29 07:56:11,19.76
2025-04-29 08:20:59,18.76
2025-04-29 08:43:39,18.76
2025-04-29 08:56:03,18.76
2025-04-29 09:16:21,16.76
2025-04-29 09:35:10,16.76
2025-04-29 09:46:45,16.76
2025-04-29 09:54:26,16.76
2025-04-29 10:12:57,18.51
2025-04-29 10:38:19,14.76
2025-04-29 10:50:34,14.76
2025-04-29 10:58:12,14.76
2025-04-29 11:16:38,17.33
2025-04-29 11:28:58,13.76
2025-04-29 11:38:43,13.76
2025-04-29 11:46:32,13.76
2025-04-29 11:54:23,13.76
2025-04-29 12:22:25,11.76
2025-04-29 13:04:21,11.76
2025-04-29 13:39:25,9.76
2025-04-29 13:52:42,9.76
2025-04-29 14:00:33,9.76
2025-04-29 14:25:56,10.76
2025-04-29 14:42:36,10.76
2025-04-29 14:51:44,10.76
2025-04-29 14:59:30,10.76
2025-04-29 15:24:42,11.76
2025-04-29 15:39:27,11.76
2025-04-29 15:48:42,11.76
2025-04-29 15:56:11,11.76
2025-04-29 16:18:33,14.02
2025-04-29 16:42:19,8.76
2025-04-29 16:54:01,8.76
2025-04-29 17:09:56,8.76
2025-04-29 17:30:12,9.76
2025-04-29 17:42:11,9.76
2025-04-29 17:49:37,9.76
2025-04-29 17:57:20,9.76
2025-04-29 18:23:44,10.76
2025-04-29 18:43:37,10.76
2025-04-29 18:53:29,10.76
2025-04-29 19:07:28,10.76
2025-04-29 19:22:57,8.76
2025-04-29 19:30:43,8.76
2025-04-29 19:39:42,8.76
2025-04-29 19:47:45,8.76
2025-04-29 19:55:39,8.76
2025-04-29 20:15:33,12.83
2025-04-29 20:33:37,8.76
2025-04-29 20:46:10,8.76
2025-04-29 20:54:22,8.76
2025-04-29 21:10:12,7.76
2025-04-29 21:27:30,7.76
2025-04-29 21:37:55,7.76
2025-04-29 21:45:46,7.76
2025-04-29 21:53:41,7.76
2025-04-29 22:09:07,7.76
2025-04-29 22:31:18,12.76
2025-04-29 22:43:52,12.76
2025-04-29 22:51:37,12.76
2025-04-29 22:59:18,12.76
2025-04-29 23:19:57,15.76
2025-04-29 23:31:22,15.76
2025-04-29 23:41:31,15.76
2025-04-29 23:49:17,15.76
2025-04-29 23:57:12,15.76
2025-04-30 01:21:22,21.27
2025-04-30 02:46:28,22.76
2025-04-30 03:28:49,22.76
2025-04-30 03:51:08,22.76
2025-04-30 03:58:43,22.76
2025-04-30 04:24:35,24.76
2025-04-30 04:42:38,24.76
2025-04-30 04:54:17,24.76
2025-04-30 05:11:23,24.76
2025-04-30 05:32:18,24.76
2025-04-30 05:44:14,24.76
2025-04-30 05:52:15,24.76
2025-04-30 05:59:58,24.76
2025-04-30 06:33:45,24.76
2025-04-30 06:53:15,24.76
2025-04-30 07:09:16,24.76
2025-04-30 07:27:35,24.76
2025-04-30 07:38:05,24.76
2025-04-30 07:45:52,24.76
2025-04-30 07:53:36,24.76
2025-04-30 08:13:26,25.35
2025-04-30 08:39:03,23.76
2025-04-30 08:52:57,23.76
2025-04-30 09:08:56,23.76
2025-04-30 09:30:34,22.76
2025-04-30 09:43:09,22.76
2025-04-30 09:51:04,22.76
2025-04-30 09:58:33,22.76
2025-04-30 10:21:49,20.76
2025-04-30 10:40:44,20.76
2025-04-30 10:50:39,20.76
2025-04-30 10:58:20,20.76
2025-04-30 11:16:28,19.58
2025-04-30 11:28:12,19.76
2025-04-30 11:37:14,19.76
2025-04-30 11:44:58,19.76
2025-04-30 11:52:40,19.76
2025-04-30 12:00:18,19.76
2025-04-30 12:49:22,17.76
2025-04-30 13:18:18,17.76
2025-04-30 13:40:37,17.76
2025-04-30 13:50:23,17.76
2025-04-30 13:58:03,17.76
2025-04-30 14:18:48,17.61
2025-04-30 14:38:52,16.76
2025-04-30 14:48:56,16.76
2025-04-30 14:56:58,16.76
2025-04-30 15:17:51,17.12
2025-04-30 15:35:11,16.76
2025-04-30 15:45:40,16.76
2025-04-30 15:53:42,16.76
2025-04-30 16:11:48,16.76
2025-04-30 16:37:59,14.76
2025-04-30 16:52:30,14.76
2025-04-30 17:00:15,14.76
2025-04-30 17:21:13,12.76
2025-04-30 17:35:56,12.76
2025-04-30 17:44:18,12.76
2025-04-30 17:52:08,12.76
2025-04-30 17:59:45,12.76
2025-04-30 18:31:59,11.76
2025-04-30 18:49:37,11.76
2025-04-30 18:57:07,11.76
2025-04-30 19:13:37,11.76
2025-04-30 19:23:51,15.76
2025-04-30 19:32:14,15.76
2025-04-30 19:40:16,15.76
2025-04-30 19:48:07,15.76
2025-04-30 19:55:45,15.76
2025-04-30 20:15:21,14.76
2025-04-30 20:33:03,14.76
2025-04-30 20:44:19,14.76
2025-04-30 20:52:03,14.76
2025-04-30 20:59:28,14.76
2025-04-30 21:20:12,13.76
2025-04-30 21:33:44,13.76
2025-04-30 21:42:30,13.76
2025-04-30 21:50:21,13.76
2025-04-30 21:58:16,13.76
2025-04-30 22:18:07,13.76
2025-04-30 22:36:08,16.76
2025-04-30 22:45:33,16.76
2025-04-30 22:53:11,16.76
2025-04-30 23:08:43,16.76
2025-04-30 23:26:41,16.76
2025-04-30 23:37:49,16.76
2025-04-30 23:45:15,16.76
2025-04-30 23:52:53,16.76
2025-05-01 00:44:45,15.76
2025-05-01 02:30:10,12.76
2025-05-01 03:33:27,13.76
2025-05-01 03:59:28,13.76
2025-05-01 04:28:03,13.76
2025-05-01 04:46:26,13.76
2025-05-01 04:55:10,13.76
2025-05-01 05:13:35,14.76
2025-05-01 05:33:35,14.76
2025-05-01 05:44:51,14.76
2025-05-01 05:52:42,14.76
2025-05-01 06:00:38,14.76
2025-05-01 06:35:50,13.76
2025-05-01 06:51:44,13.76
2025-05-01 06:59:09,13.76
2025-05-01 07:21:49,13.76
2025-05-01 07:33:04,13.76
2025-05-01 07:41:17,13.76
2025-05-01 07:49:17,13.76
2025-05-01 07:56:58,13.76
2025-05-01 08:22:02,13.76
2025-05-01 08:41:36,13.76
2025-05-01 08:53:36,13.76
2025-05-01 09:10:10,13.76
2025-05-01 09:30:26,13.76
2025-05-01 09:42:48,13.76
2025-05-01 09:50:27,13.76
2025-05-01 09:58:23,13.76
2025-05-01 10:21:48,12.76
2025-05-01 10:41:07,12.76
2025-05-01 10:50:44,12.76
2025-05-01 10:58:26,12.76
2025-05-01 11:16:39,12.76
2025-05-01 11:28:22,12.76
2025-05-01 11:37:44,12.76
2025-05-01 11:45:09,12.76
2025-05-01 11:52:52,12.76
2025-05-01 12:14:22,12.76
2025-05-01 12:55:39,11.76
2025-05-01 13:23:03,11.76
2025-05-01 13:40:47,11.76
2025-05-01 13:49:18,11.76
2025-05-01 13:57:06,11.76
2025-05-01 14:15:33,11.76
2025-05-01 14:33:43,11.76
2025-05-01 14:44:25,11.76
2025-05-01 14:52:03,11.76
2025-05-01 14:59:30,11.76
2025-05-01 15:23:16,10.91
2025-05-01 15:38:28,9.76
2025-05-01 15:47:27,9.76
2025-05-01 15:55:08,9.76
2025-05-01 16:16:13,10.8
2025-05-01 16:41:12,9.76
2025-05-01 16:54:00,9.76
2025-05-01 17:09:18,9.76
2025-05-01 17:29:22,9.76
2025-05-01 17:41:05,9.76
2025-05-01 17:48:52,9.76
2025-05-01 17:56:31,9.76
2025-05-01 18:21:47,8.76
2025-05-01 18:44:10,8.76
2025-05-01 18:54:21,8.76
2025-05-01 19:08:30,8.76
2025-05-01 19:22:36,8.76
2025-05-01 19:30:05,8.76
2025-05-01 19:39:14,8.76
2025-05-01 19:46:55,8.76
2025-05-01 19:54:23,8.76
2025-05-01 20:11:45,8.76
2025-05-01 20:30:19,6.76
2025-05-01 20:42:22,6.76
2025-05-01 20:50:01,6.76
2025-05-01 20:57:39,6.76
2025-05-01 21:17:14,9.96
2025-05-01 21:29:40,7.76
2025-05-01 21:39:16,7.76
2025-05-01 21:46:54,7.76
2025-05-01 21:54:28,7.76
2025-05-01 22:10:49,9.76
2025-05-01 22:32:22,12.1
2025-05-01 22:44:41,9.76
2025-05-01 22:52:20,9.76
2025-05-01 22:59:56,9.76
2025-05-01 23:22:11,11.76
2025-05-01 23:33:03,11.76
2025-05-01 23:42:42,11.76
2025-05-01 23:50:30,11.76
2025-05-01 23:57:59,11.76
2025-05-02 01:37:13,14.76
2025-05-02 03:00:21,16.76
2025-05-02 03:41:36,16.76
2025-05-02 03:57:44,16.76
2025-05-02 04:21:23,16.76
2025-05-02 04:41:12,16.76
2025-05-02 04:52:55,16.76
2025-05-02 05:08:50,16.76
2025-05-02 05:31:41,16.76
2025-05-02 05:44:02,16.76
2025-05-02 05:51:41,16.76
2025-05-02 05:59:21,16.76
2025-05-02 06:31:39,17.76
2025-05-02 06:50:23,17.76
2025-05-02 06:57:50,17.76
2025-05-02 07:18:23,17.76
2025-05-02 07:31:34,17.76
2025-05-02 07:41:13,17.76
2025-05-02 07:49:04,17.76
2025-05-02 07:56:34,17.76
2025-05-02 08:20:38,15.76
2025-05-02 08:41:42,15.76
2025-05-02 08:53:51,15.76
2025-05-02 09:10:35,15.76
2025-05-02 09:30:05,14.76
2025-05-02 09:41:48,14.76
2025-05-02 09:49:28,14.76
2025-05-02 09:57:10,14.76
2025-05-02 10:17:54,13.76
2025-05-02 10:39:55,13.76
2025-05-02 10:49:44,13.76
2025-05-02 10:57:15,13.76
2025-05-02 11:14:28,13.76
2025-05-02 11:26:58,12.76
2025-05-02 11:37:23,12.76
2025-05-02 11:44:47,12.76
2025-05-02 11:52:27,12.76
2025-05-02 12:00:14,12.76
2025-05-02 12:48:34,12.76
2025-05-02 13:17:35,12.76
2025-05-02 13:40:03,12.76
2025-05-02 13:48:59,12.76
2025-05-02 13:56:37,12.76
2025-05-02 14:15:27,12.76
2025-05-02 14:35:08,12.76
2025-05-02 14:46:15,12.76
2025-05-02 14:53:57,12.76
2025-05-02 15:10:26,12.76
2025-05-02 15:30:24,12.76
2025-05-02 15:42:39,12.76
2025-05-02 15:50:19,12.76
2025-05-02 15:58:07,12.76
2025-05-02 16:24:08,12.76
2025-05-02 16:43:58,12.76
2025-05-02 16:54:07,12.76
2025-05-02 17:09:28,12.76
2025-05-02 17:29:25,10.76
2025-05-02 17:41:42,10.76
2025-05-02 17:49:33,10.76
2025-05-02 17:57:03,10.76
2025-05-02 18:23:05,10.76
2025-05-02 18:43:38,10.76
2025-05-02 18:53:18,10.76
2025-05-02 19:07:18,9.76
2025-05-02 19:22:21,9.76
2025-05-02 19:30:04,9.76
2025-05-02 19:39:29,9.76
2025-05-02 19:47:21,9.76
2025-05-02 19:55:03,9.76
2025-05-02 20:13:44,9.76
2025-05-02 20:31:57,8.76
2025-05-02 20:43:42,8.76
2025-05-02 20:51:13,8.76
2025-05-02 20:59:05,8.76
2025-05-02 21:19:42,8.76
2025-05-02 21:31:13,8.76
2025-05-02 21:41:42,8.76
2025-05-02 21:49:24,8.76
2025-05-02 21:57:07,8.76
2025-05-02 22:16:12,10.12
2025-05-02 22:36:38,8.76
2025-05-02 22:47:40,8.76
2025-05-02 22:55:20,8.76
2025-05-02 23:12:31,8.76
2025-05-02 23:28:14,9.76
2025-05-02 23:38:48,9.76
2025-05-02 23:46:31,9.76
2025-05-02 23:54:15,9.76
2025-05-03 00:52:25,9.76
2025-05-03 02:20:24,10.02
2025-05-03 03:14:12,10.12
2025-05-03 03:44:34,10.76
2025-05-03 03:56:19,10.76
2025-05-03 04:17:41,10.78
2025-05-03 04:38:46,12.76
2025-05-03 04:49:58,12.76
2025-05-03 04:57:42,12.76
2025-05-03 05:18:37,13.76
2025-05-03 05:35:43,13.76
2025-05-03 05:44:54,13.76
2025-05-03 05:52:29,13.76
2025-05-03 06:00:07,13.76
2025-05-03 06:31:25,12.76
2025-05-03 06:47:11,12.76
2025-05-03 06:54:55,12.76
2025-05-03 07:11:13,13.76
2025-05-03 07:26:24,13.76
2025-05-03 07:36:05,13.76
2025-05-03 07:43:34,13.76
2025-05-03 07:51:02,13.76
2025-05-03 07:58:29,13.76
2025-05-03 08:23:34,13.76
2025-05-03 08:39:53,13.76
2025-05-03 08:50:19,13.76
2025-05-03 08:58:05,13.76
2025-05-03 09:18:10,13.76
2025-05-03 09:31:26,12.76
2025-05-03 09:40:59,12.76
2025-05-03 09:48:53,12.76
2025-05-03 09:56:19,12.76
2025-05-03 10:14:21,13.39
2025-05-03 10:33:44,11.76
2025-05-03 10:44:25,11.76
2025-05-03 10:52:14,11.76
2025-05-03 11:00:00,11.76
2025-05-03 11:18:36,10.76
2025-05-03 11:28:16,10.76
2025-05-03 11:37:13,10.76
2025-05-03 11:44:58,10.76
2025-05-03 11:52:49,10.76
2025-05-03 12:12:31,10.76
2025-05-03 12:51:57,10.76
2025-05-03 13:15:14,9.76
2025-05-03 13:33:30,9.76
2025-05-03 13:42:32,9.76
2025-05-03 13:50:12,9.76
2025-05-03 13:57:44,9.76
2025-05-03 14:16:09,10.25
2025-05-03 14:32:40,9.76
2025-05-03 14:43:05,9.76
2025-05-03 14:50:52,9.76
2025-05-03 14:58:40,9.76
2025-05-03 15:19:24,10.04
2025-05-03 15:32:04,9.76
2025-05-03 15:41:20,9.76
2025-05-03 15:48:53,9.76
2025-05-03 15:56:23,9.76
2025-05-03 16:17:24,9.79
2025-05-03 16:39:19,8.76
2025-05-03 16:50:02,8.76
2025-05-03 16:57:36,8.76
2025-05-03 17:14:18,9.54
2025-05-03 17:29:27,6.76
2025-05-03 17:39:06,6.76
2025-05-03 17:46:31,6.76
2025-05-03 17:54:27,6.76
2025-05-03 18:14:03,9.51
2025-05-03 18:37:26,5.76
2025-05-03 18:48:52,5.76
2025-05-03 18:56:19,5.76
2025-05-03 19:11:04,9
2025-05-03 19:23:08,9
2025-05-03 19:30:49,5.76
2025-05-03 19:39:24,5.76
2025-05-03 19:47:06,5.76
2025-05-03 19:54:49,5.76
2025-05-03 20:12:16,5.76
2025-05-03 20:29:40,4.76
2025-05-03 20:40:41,4.76
2025-05-03 20:48:22,4.76
2025-05-03 20:56:00,4.76
2025-05-03 21:12:39,8.85
2025-05-03 21:27:08,4.76
2025-05-03 21:36:01,4.76
2025-05-03 21:43:27,4.76
2025-05-03 21:51:22,4.76
2025-05-03 21:58:55,4.76
2025-05-03 22:19:10,9.76
2025-05-03 22:35:05,9.76
2025-05-03 22:43:57,9.76
2025-05-03 22:51:43,9.76
2025-05-03 22:59:29,9.76
2025-05-03 23:19:58,12.76
2025-05-03 23:30:46,12.76
2025-05-03 23:40:45,12.76
2025-05-03 23:48:36,12.76
2025-05-03 23:56:17,12.76
2025-05-04 01:20:39,16.45
2025-05-04 02:56:29,17.76
2025-05-04 03:41:48,18.76
2025-05-04 04:01:01,18.76
2025-05-04 04:30:17,18.76
2025-05-04 04:45:24,18.76
2025-05-04 04:53:21,18.76
2025-05-04 05:09:19,18.76
2025-05-04 05:30:57,19.76
2025-05-04 05:43:24,19.76
2025-05-04 05:50:55,19.76
2025-05-04 05:58:34,19.76
2025-05-04 06:27:47,18.76
2025-05-04 06:46:33,18.76
2025-05-04 06:55:18,18.76
2025-05-04 07:11:44,18.76
2025-05-04 07:26:22,17.76
2025-05-04 07:35:20,17.76
2025-05-04 07:42:55,17.76
2025-05-04 07:50:45,17.76
2025-05-04 07:58:21,17.76
2025-05-04 08:23:29,17.76
2025-05-04 08:39:48,17.76
2025-05-04 08:50:02,17.76
2025-05-04 08:57:41,17.76
2025-05-04 09:17:34,16.76
2025-05-04 09:31:09,16.76
2025-05-04 09:41:20,16.76
2025-05-04 09:49:08,16.76
2025-05-04 09:56:34,16.76
2025-05-04 10:15:31,14.76
2025-05-04 10:34:59,14.76
2025-05-04 10:44:50,14.76
2025-05-04 10:52:21,14.76
2025-05-04 11:00:00,14.76
2025-05-04 11:18:01,13.76
2025-05-04 11:27:23,13.76
2025-05-04 11:36:35,13.76
2025-05-04 11:44:00,13.76
2025-05-04 11:51:43,13.76
2025-05-04 11:59:30,13.76
2025-05-04 12:41:26,11.76
2025-05-04 13:05:30,11.76
2025-05-04 13:31:07,10.76
2025-05-04 13:41:48,10.76
2025-05-04 13:49:30,10.76
2025-05-04 13:57:15,10.76
2025-05-04 14:14:46,10.76
2025-05-04 14:31:35,10.76
2025-05-04 14:42:19,10.76
2025-05-04 14:49:59,10.76
2025-05-04 14:57:26,10.76
2025-05-04 15:16:54,13.05
2025-05-04 15:31:15,6.76
2025-05-04 15:42:15,6.76
2025-05-04 15:50:00,6.76
2025-05-04 15:57:38,6.76
2025-05-04 16:20:38,6.76
2025-05-04 16:40:17,6.76
2025-05-04 16:50:46,6.76
2025-05-04 16:58:25,6.76
2025-05-04 17:15:55,7.76
2025-05-04 17:30:26,7.76
2025-05-04 17:40:42,7.76
2025-05-04 17:48:39,7.76
2025-05-04 17:56:13,7.76
2025-05-04 18:18:53,7.76
2025-05-04 18:40:15,7.76
2025-05-04 18:51:15,7.76
2025-05-04 18:58:58,7.76
2025-05-04 19:17:03,10.81
2025-05-04 19:26:28,7.76
2025-05-04 19:36:27,7.76
2025-05-04 19:43:49,7.76
2025-05-04 19:51:18,7.76
2025-05-04 19:59:00,7.76
2025-05-04 20:21:51,9.76
2025-05-04 20:35:16,9.76
2025-05-04 20:44:13,9.76
2025-05-04 20:52:01,9.76
2025-05-04 20:59:38,9.76
2025-05-04 21:19:47,8.76
2025-05-04 21:31:21,8.76
2025-05-04 21:40:55,8.76
2025-05-04 21:48:35,8.76
2025-05-04 21:56:10,8.76
2025-05-04 22:13:37,10.76
2025-05-04 22:32:21,10.76
2025-05-04 22:43:24,10.76
2025-05-04 22:51:11,10.76
2025-05-04 22:58:52,10.76
2025-05-04 23:19:06,12.76
2025-05-04 23:30:49,12.76
2025-05-04 23:40:59,12.76
2025-05-04 23:48:37,12.76
2025-05-04 23:56:14,12.76
2025-05-05 01:16:10,15.32
2025-05-05 02:52:18,14.76
2025-05-05 03:34:55,14.76
2025-05-05 03:58:02,14.76
2025-05-05 04:23:53,13.76
2025-05-05 04:42:13,13.76
2025-05-05 04:53:15,13.76
2025-05-05 05:10:11,13.76
2025-05-05 05:32:47,12.76
2025-05-05 05:45:30,12.76
2025-05-05 05:53:25,12.76
2025-05-05 06:14:23,12.76
2025-05-05 06:44:09,13.76
2025-05-05 06:56:07,13.76
2025-05-05 07:15:35,13.76
2025-05-05 07:31:13,13.76
2025-05-05 07:41:42,13.76
2025-05-05 07:49:24,13.76
2025-05-05 07:57:05,13.76
2025-05-05 08:24:18,13.76
2025-05-05 08:45:08,13.76
2025-05-05 08:56:49,13.76
2025-05-05 09:18:14,13.85
2025-05-05 09:36:22,12.76
2025-05-05 09:47:46,12.76
2025-05-05 09:55:27,12.76
2025-05-05 10:15:19,13.74
2025-05-05 10:40:12,12.76
2025-05-05 10:51:04,12.76
2025-05-05 10:58:46,12.76
2025-05-05 11:17:31,11.76
2025-05-05 11:28:59,11.76
2025-05-05 11:38:06,11.76
2025-05-05 11:45:49,11.76
2025-05-05 11:53:50,11.76
2025-05-05 12:19:12,12.32
2025-05-05 13:00:17,12.76
2025-05-05 13:33:51,11.76
2025-05-05 13:47:37,11.76
2025-05-05 13:55:25,11.76
2025-05-05 14:13:41,10.76
2025-05-05 14:36:17,10.76
2025-05-05 14:48:59,10.76
2025-05-05 14:56:27,10.76
2025-05-05 15:16:43,8.76
2025-05-05 15:34:22,8.76
2025-05-05 15:45:23,8.76
2025-05-05 15:53:18,8.76
2025-05-05 16:11:43,8.76
2025-05-05 16:38:52,7.76
2025-05-05 16:52:35,7.76
2025-05-05 17:00:12,7.76
2025-05-05 17:21:38,10.68
2025-05-05 17:36:40,6.76
2025-05-05 17:44:51,6.76
2025-05-05 17:52:25,6.76
2025-05-05 17:59:58,6.76
2025-05-05 18:30:13,6.76
2025-05-05 18:47:17,6.76
2025-05-05 18:54:59,6.76
2025-05-05 19:09:09,6.76
2025-05-05 19:22:39,10.47
2025-05-05 19:30:07,6.76
2025-05-05 19:39:20,6.76
2025-05-05 19:47:15,6.76
2025-05-05 19:55:03,6.76
2025-05-05 20:14:02,6.76
2025-05-05 20:32:30,6.76
2025-05-05 20:44:38,6.76
2025-05-05 20:52:37,6.76
2025-05-05 21:00:10,6.76
2025-05-05 21:22:17,5.76
2025-05-05 21:34:23,5.76
2025-05-05 21:43:27,5.76
2025-05-05 21:51:08,5.76
2025-05-05 21:58:34,5.76
2025-05-05 22:20:25,8.76
2025-05-05 22:38:36,8.76
2025-05-05 22:47:34,8.76
2025-05-05 22:55:01,8.76
2025-05-05 23:12:07,8.76
2025-05-05 23:28:11,11.76
2025-05-05 23:39:46,11.76
2025-05-05 23:47:17,11.76
2025-05-05 23:54:54,11.76
2025-05-06 01:00:15,14.76
2025-05-06 02:41:23,17.76
2025-05-06 03:29:56,17.76
2025-05-06 03:53:18,17.76
2025-05-06 04:11:54,20.65
2025-05-06 04:34:53,17.76
2025-05-06 04:49:41,17.76
2025-05-06 04:57:09,17.76
2025-05-06 05:17:34,17.76
2025-05-06 05:36:21,17.76
2025-05-06 05:45:52,17.76
2025-05-06 05:53:42,17.76
2025-05-06 06:14:28,18.76
2025-05-06 06:42:52,18.76
2025-05-06 06:54:29,18.76
2025-05-06 07:11:55,18.76
2025-05-06 07:29:48,18.76
2025-05-06 07:41:09,18.76
2025-05-06 07:48:54,18.76
2025-05-06 07:56:36,18.76
2025-05-06 08:21:55,18.39
2025-05-06 08:42:55,17.76
2025-05-06 08:55:12,17.76
2025-05-06 09:14:03,16.76
2025-05-06 09:33:01,16.76
2025-05-06 09:44:52,16.76
2025-05-06 09:52:22,16.76
2025-05-06 10:00:11,16.76
2025-05-06 10:26:47,14.76
2025-05-06 10:44:08,14.76
2025-05-06 10:52:25,14.76
2025-05-06 11:00:07,14.76
2025-05-06 11:20:00,13.76
2025-05-06 11:30:13,13.76
2025-05-06 11:40:02,13.76
2025-05-06 11:47:38,13.76
2025-05-06 11:55:26,13.76
2025-05-06 12:28:33,11.76
2025-05-06 13:06:51,10.76
2025-05-06 13:38:50,10.76
2025-05-06 13:51:07,10.76
2025-05-06 13:58:34,10.76
2025-05-06 14:20:21,11.76
2025-05-06 14:41:01,11.76
2025-05-06 14:51:55,11.76
2025-05-06 15:00:12,11.76
2025-05-06 15:31:10,10.76
2025-05-06 15:47:19,10.76
2025-05-06 15:55:51,10.76
2025-05-06 16:16:59,13.48
2025-05-06 16:41:42,8.76
2025-05-06 16:53:58,8.76
2025-05-06 17:09:22,7.76
2025-05-06 17:29:53,7.76
2025-05-06 17:42:02,7.76
2025-05-06 17:49:42,7.76
2025-05-06 17:57:25,7.76
2025-05-06 18:25:19,7.76
2025-05-06 18:44:58,7.76
2025-05-06 18:54:44,7.76
2025-05-06 19:08:56,7.76
2025-05-06 19:22:35,8.76
2025-05-06 19:30:11,8.76
2025-05-06 19:39:17,8.76
2025-05-06 19:47:12,8.76
2025-05-06 19:54:36,8.76
2025-05-06 20:13:25,12
2025-05-06 20:32:40,6.76
2025-05-06 20:44:31,6.76
2025-05-06 20:51:59,6.76
2025-05-06 20:59:33,6.76
2025-05-06 21:21:40,11.83
2025-05-06 21:33:40,6.76
2025-05-06 21:42:41,6.76
2025-05-06 21:50:33,6.76
2025-05-06 21:58:07,6.76
2025-05-06 22:18:40,12.71
2025-05-06 22:36:56,11.76
2025-05-06 22:46:21,11.76
2025-05-06 22:54:15,11.76
2025-05-06 23:10:07,11.76
2025-05-06 23:27:45,13.76
2025-05-06 23:38:48,13.76
2025-05-06 23:46:30,13.76
2025-05-06 23:54:10,13.76
2025-05-07 00:53:57,15.76
2025-05-07 02:27:42,18.76
2025-05-07 03:28:00,19.76
2025-05-07 03:53:24,19.76
2025-05-07 04:12:29,19.76
2025-05-07 04:35:35,17.76
2025-05-07 04:49:22,17.76
2025-05-07 04:57:06,17.76
2025-05-07 05:17:30,19.39
2025-05-07 05:36:39,19.76
2025-05-07 05:46:24,19.76
2025-05-07 05:54:13,19.76
2025-05-07 06:16:07,19.29
2025-05-07 06:44:13,19.76
2025-05-07 06:56:17,19.76
2025-05-07 07:15:31,18.76
2025-05-07 07:30:50,18.76
2025-05-07 07:42:12,18.76
2025-05-07 07:49:38,18.76
2025-05-07 07:57:21,18.76
2025-05-07 08:25:11,19.46
2025-05-07 08:46:20,17.76
2025-05-07 08:58:02,17.76
2025-05-07 09:21:12,17.82
2025-05-07 09:38:43,16.76
2025-05-07 09:48:09,16.76
2025-05-07 09:55:51,16.76
2025-05-07 10:16:13,16.76
2025-05-07 10:40:55,14.76
2025-05-07 10:51:59,14.76
2025-05-07 10:59:32,14.76
2025-05-07 11:19:32,15.96
2025-05-07 11:30:36,12.76
2025-05-07 11:41:17,12.76
2025-05-07 11:48:49,12.76
2025-05-07 11:56:08,12.76
2025-05-07 12:32:11,12.76
2025-05-07 13:09:44,12.76
2025-05-07 13:42:21,11.76
2025-05-07 13:53:34,11.76
2025-05-07 14:09:54,11.76
2025-05-07 14:34:50,10.76
2025-05-07 14:49:51,10.76
2025-05-07 14:57:21,10.76
2025-05-07 15:20:43,8.76
2025-05-07 15:39:33,8.76
2025-05-07 15:51:03,8.76
2025-05-07 15:58:46,8.76
2025-05-07 16:27:56,8.76
2025-05-07 16:49:37,8.76
2025-05-07 16:59:26,8.76
2025-05-07 17:20:24,9.76
2025-05-07 17:37:20,9.76
2025-05-07 17:45:53,9.76
2025-05-07 17:53:27,9.76
2025-05-07 18:13:37,9.76
2025-05-07 18:41:17,8.76
2025-05-07 18:53:28,8.76
2025-05-07 19:07:35,8.76
2025-05-07 19:23:29,8.76
2025-05-07 19:31:44,8.76
2025-05-07 19:40:11,8.76
2025-05-07 19:48:01,8.76
2025-05-07 19:55:35,8.76
2025-05-07 20:15:53,12.12
2025-05-07 20:35:16,6.76
2025-05-07 20:46:50,6.76
2025-05-07 20:54:25,6.76
2025-05-07 21:10:24,12.12
2025-05-07 21:26:52,6.76
2025-05-07 21:37:20,6.76
2025-05-07 21:44:55,6.76
2025-05-07 21:52:19,6.76
2025-05-07 21:59:57,6.76
2025-05-07 22:23:26,10.76
2025-05-07 22:39:55,10.76
2025-05-07 22:48:42,10.76
2025-05-07 22:56:23,10.76
2025-05-07 23:14:50,14.38
2025-05-07 23:30:50,14.76
2025-05-07 23:42:57,14.76
2025-05-07 23:50:35,14.76
2025-05-07 23:58:07,14.76
2025-05-08 01:40:04,18.76
2025-05-08 03:03:44,19.76
2025-05-08 03:46:37,21.76
2025-05-08 04:00:17,21.76
2025-05-08 04:30:29,23.76
2025-05-08 04:47:05,23.76
2025-05-08 04:55:31,23.76
2025-05-08 05:14:41,23.76
2025-05-08 05:34:45,23.76
2025-05-08 05:46:29,23.76
2025-05-08 05:54:13,23.76
2025-05-08 06:16:38,24.76
2025-05-08 06:44:33,24.76
2025-05-08 06:56:22,24.76
2025-05-08 07:15:37,25.14
2025-05-08 07:31:12,23.76
2025-05-08 07:42:47,23.76
2025-05-08 07:50:23,23.76
2025-05-08 07:57:59,23.76
2025-05-08 08:26:12,20.76
2025-05-08 08:46:01,20.76
2025-05-08 08:57:08,20.76
2025-05-08 09:18:30,18.76
2025-05-08 09:35:12,18.76
2025-05-08 09:45:43,18.76
2025-05-08 09:53:29,18.76
2025-05-08 10:11:06,18.76
2025-05-08 10:36:10,16.76
2025-05-08 10:49:01,16.76
2025-05-08 10:56:32,16.76
